instrument_dir,data_file,dataset_name,dataset_origin_name,language,form,form_type,license,contributor,citation,longitudinal,age_min,age_max
EnglishAmerican_WS,EnglishAmericanWS_Marchman_Outreach1_data.csv,Marchman,Marchman_Outreach1_English (American)_WS,English (American),WS,WS,CC-BY,Anne Fernald (Stanford University),"​Fernald, A., Marchman, V. A., & Weisleder, A. (2013). SES differences in language processing skill and vocabulary are evident at 18 months. Developmental Science, 16, 234–248. DOI: 10.1111/desc.12019",FALSE,16,30
EnglishAmerican_WS,EnglishAmericanWS_Smith_paper_data.csv,Smith,Smith_paper_English (American)_WS,English (American),WS,WS,CC-BY,Linda Smith (Indiana University),,FALSE,16,30
EnglishAmerican_WS,EnglishAmericanWS_Byers_data.csv,Byers,Byers__English (American)_WS,English (American),WS,WS,CC-BY,Krista Byers-Heinlein (Concordia University),,FALSE,16,30
EnglishAmerican_WS,EnglishAmericanWS_Thal_28_data.csv,Thal,Thal,English (American),WS,WS,CC-BY,Donna Thal (San Diego State University),"Thal, D. J., Marchman, V. A. & Tomblin, J. B. (2013). Late talking toddlers: Characterization and prediction of continued delay. In L. Rescorla & P. Dale (Eds.). Late Talkers: Language Development, Interventions, and Outcomes. Baltimore, MD: Brookes Publishing.",TRUE,16,30
EnglishAmerican_WG,EnglishAmericanWG_Marchman_Norming_data.csv,Marchman,Marchman_Norming_English (American)_WG,English (American),WG,WG,CC-BY,Larry Fenson (San Diego State University),"Fenson, L., Marchman, V. A., Thal, D., Dale, P., Reznick, J. S. & Bates, E. (2007). MacArthur-Bates Communicative Development Inventories: User's Guide and Technical Manual. 2nd Edition. Baltimore, MD: Brookes Publishing Co.",FALSE,8,18
EnglishAmerican_WG,EnglishAmericanWG_Byers_data.csv,Byers,Byers__English (American)_WG,English (American),WG,WG,CC-BY,Krista Byers-Heinlein (Concordia University),,FALSE,8,18
EnglishAmerican_WG,EnglishAmericanWG_Thal_16_data.csv,Thal,Thal,English (American),WG,WG,CC-BY,Donna Thal (San Diego State University),"Thal, D. J., Marchman, V. A. & Tomblin, J. B. (2013). Late talking toddlers: Characterization and prediction of continued delay. In L. Rescorla & P. Dale (Eds.). Late Talkers: Language Development, Interventions, and Outcomes. Baltimore, MD: Brookes Publishing.",TRUE,8,18
SpanishMexican_WS,SpanishMexicanWS_Marchman_Dallas_data.csv,Marchman,Marchman Dallas Bilingual,Spanish (Mexican),WS,WS,CC-BY,Donna Jackson-Maldonado (Universidad Autónoma de Querétaro),"Marchman, V. A., Martínez-Sussmann, C., & Dale, P. S. (2004). The language-specific nature of grammatical development: Evidence from bilingual language learners. Developmental Science, 7(2), 212–224.",FALSE,16,30
SpanishMexican_WG,SpanishMexicanWG_Marchman_Norming_data.csv,Marchman,Marchman_Norming_Spanish (Mexican)_WG,Spanish (Mexican),WG,WG,CC-BY,Donna Jackson-Maldonado (Universidad Autónoma de Querétaro),"Jackson-Maldonado, D., Thal, D., Marchman, V., Newton, T., Fenson, L, & Conboy, B. (2003). MacArthur Inventarios del Desarrollo de Habilidades Comunicativas. User's Guide and Technical Manual. Baltimore, MD: Brookes Publishing.",FALSE,8,18
Danish_WS,DanishWS_Bleses_data.csv,Bleses,Bleses__Danish_WS,Danish,WS,WS,CC-BY,Dorthe Bleses (University of Southern Denmark),"Bleses, D., Vach, W., Slott, M., Wehberg, S., Thomsen, P., Madsen, T. & Basbøll, H. (2008). The Danish Communicative Development Inventories: validity and main developmental trends. Journal of Child Language, 35, 619–650.",FALSE,16,36
Norwegian_WS,NorwegianWS_Kristoffersen_longitudinal_data.csv,Kristoffersen,Kristoffersen_longitudinal_Norwegian_WS,Norwegian,WS,WS,CC-BY,Hanne Simonsen and Kristian Kristoffersen (University of Oslo),"Simonsen, H. G., Kristoffersen, K. E., Bleses, D., Wehberg, S., & Jørgensen, R. N. (2014). The Norwegian Communicative Development Inventories: Reliability, main developmental trends and gender differences. First Language, 34(1), 3–23. DOI: 10.1177/0142723713510997",TRUE,16,36
Norwegian_WG,NorwegianWG_Kristoffersen_longitudinal_data.csv,Kristoffersen,Kristoffersen_longitudinal_Norwegian_WG,Norwegian,WG,WG,CC-BY,Hanne Simonsen and Kristian Kristoffersen (University of Oslo),"Simonsen, H. G., Kristoffersen, K. E., Bleses, D., Wehberg, S., & Jørgensen, R. N. (2014). The Norwegian Communicative Development Inventories: Reliability, main developmental trends and gender differences. First Language, 34(1), 3–23. DOI: 10.1177/0142723713510997",TRUE,8,20
Croatian_WG,CroatianWG_CLEX_data.csv,CLEX,CLEX__Croatian_WG,Croatian,WG,WG,CC-BY,Melita Kovacevic (University of Zagreb),"Kovacevic, M., Babic, Z., & Brozovic, B. (1996). A Croatian language parent report study: Lexical and grammatical development. Paper presented at the VIIth International Congress for the Study of Child Language, July 1996, Istanbul, Turkey.",FALSE,8,16
Croatian_WS,CroatianWS_CLEX_data.csv,CLEX,CLEX__Croatian_WS,Croatian,WS,WS,CC-BY,Melita Kovacevic (University of Zagreb),"Kovacevic, M., Babic, Z., & Brozovic, B. (1996). A Croatian language parent report study: Lexical and grammatical development. Paper presented at the VIIth International Congress for the Study of Child Language, July 1996, Istanbul, Turkey.",FALSE,16,30
GermanGerman_WS,GermanGermanWS_Szagun_data.csv,Szagun,Szagun__German_WS,German (German),WS,WS,CC-BY,Gisela Szagun (University College London),"Szagun, G., Stumper, B. & Schramm, S.A. (2023). Fragebogen zur frühkindlichen Sprachentwicklung: FRAKIS (Langform) und FRAKIS-K (Kurzform), 2. Auflage. Universitätsverlag Potsdam. https://www.uni-potsdam.de/de/inklusion/ese/schramm/frakis",FALSE,18,30
Italian_WS,ItalianWS_CLEX_data.csv,CLEX,CLEX__Italian_WS,Italian,WS,WS,CC-BY,Christina Caselli (Institute of Cognitive Sciences and Technologies),"Caselli, M. C., Bates, E., Casadio, P., Fenson, J., Fenson, L., Sanderl, L., & Weir, J. (1995). A cross-linguistic study of early lexical development. Cognitive Development, 10(2), 159–199.",FALSE,18,36
Russian_WG,RussianWG_CLEX_data.csv,CLEX,CLEX__Russian_WG,Russian,WG,WG,CC-BY,Stella Ceytlin (SPb Russian Pedagogical University),"Е.А.Вершинина, М.Б. Елисеева, Т.С. Лаврова, В.Л. Рыскина, С.Н. Цейтлин. (2011). Некоторые нормативы речевого развития детей от 8 до 18 месяцев// Специальное образование: традиции и инновации: Сборник научно-методических трудов с международным участием. — СПб.: Изд-во РГПУ им. А. И. Герцена.",FALSE,8,18
Russian_WS,RussianWS_CLEX_data.csv,CLEX,CLEX__Russian_WS,Russian,WS,WS,CC-BY,Stella Ceytlin (SPb Russian Pedagogical University),"М.Б. Елисеева, Е.А. (2009). Вершинина. Некоторые нормативы речевого развития детей от 18 до 36 месяцев (по материалам МакАртуровского опросника) // Проблемы онтолингвистики. Материалы международной конференции 17-19 июбня 2009 г. Санкт-Петербург, С.72–78",FALSE,16,36
Swedish_WG,SwedishWG_CLEX_data.csv,CLEX,CLEX__Swedish_WG,Swedish,WG,WG,CC-BY,Mårten Eriksson (University of Gävle),"Eriksson, M., & Berglund, E. (2002). Instruments, scoring manual and percentile levels of the Swedish Early Communicative Development Inventory, SECDI. (FoU-Rapport 17). Gävle, Sweden: Institutionen för pedagogik, didaktik och psykologi.",FALSE,8,16
Swedish_WS,SwedishWS_CLEX_data.csv,CLEX,CLEX__Swedish_WS,Swedish,WS,WS,CC-BY,Mårten Eriksson (University of Gävle),"Eriksson, M., & Berglund, E. (2002). Instruments, scoring manual and percentile levels of the Swedish Early Communicative Development Inventory, SECDI. (FoU-Rapport 17). Gävle, Sweden: Institutionen för pedagogik, didaktik och psykologi.",FALSE,16,28
Turkish_WG,TurkishWG_CLEX_data.csv,CLEX,CLEX__Turkish_WG,Turkish,WG,WG,CC-BY,Aylin Küntay (Koç University),"Acarlar, F., Aksu-Koç, A., Küntay, A.C., Maviş, İ., Sofu, H., Topbaş, S., Turan, F. (2009). Adapting MB-CDI to Turkish: The first phase. In S. Ay, Ö. Aydın., İ. Ergenç, S. Gökmen, S. İşsever, and D. Peçenel (Eds.) Essays on Turkish linguistics: Proceedings of the 14th International Conference on Turkish Linguistics, August 6–8, 2008. Harrassowitz Verlag: Wiesbaden, Germany.",FALSE,8,16
Turkish_WS,TurkishWS_CLEX_data.csv,CLEX,CLEX__Turkish_WS,Turkish,WS,WS,CC-BY,Aylin Küntay (Koç University),"Acarlar, F., Aksu-Koç, A., Küntay, A.C., Maviş, İ., Sofu, H., Topbaş, S., Turan, F. (2009). Adapting MB-CDI to Turkish: The first phase. In S. Ay, Ö. Aydın., İ. Ergenç, S. Gökmen, S. İşsever, and D. Peçenel (Eds.) Essays on Turkish linguistics: Proceedings of the 14th International Conference on Turkish Linguistics, August 6–8, 2008. Harrassowitz Verlag: Wiesbaden, Germany.",FALSE,16,36
Hebrew_WG,HebrewWG_Shalev_data.csv,Shalev,Shalev__Hebrew_WG,Hebrew,WG,WG,CC-BY,Hila Gendler Shalev (Tel-Aviv University),"Gendler-Shalev, H., & Dromi, E. (2021). The Hebrew Web Communicative Development Inventory (MB-CDI): Lexical Development Growth Curves. Journal of Child Language, 1–17. DOI: 10.1017/S0305000921000179",FALSE,11,25
Hebrew_WS,HebrewWS_Shalev_data.csv,Shalev,Shalev__Hebrew_WS,Hebrew,WS,WS,CC-BY,Hila Gendler Shalev (Tel-Aviv University),"Gendler-Shalev, H., & Dromi, E. (2021). The Hebrew Web Communicative Development Inventory (MB-CDI): Lexical Development Growth Curves. Journal of Child Language, 1–17. DOI: 10.1017/S0305000921000179",FALSE,25,36
Cantonese_WS,CantoneseWS_Tardif_data.csv,Tardif,Tardif__Cantonese_WS,Cantonese,WS,WS,CC-BY,Twila Tardif (University of Michigan),"Tardif, T., Fletcher, P., Liang, W., & Kaciroti, N. (2009). Early vocabulary development in Mandarin (Putonghua) and Cantonese. Journal of child language, 36(05), 1115–1144.",FALSE,16,30
MandarinBeijing_WS,MandarinBeijingWS_Tardif_data.csv,Tardif,Tardif__Mandarin (Beijing)_WS,Mandarin (Beijing),WS,WS,CC-BY,Twila Tardif (University of Michigan),"Tardif, T., Fletcher, P., Liang, W., & Kaciroti, N. (2009). Early vocabulary development in Mandarin (Putonghua) and Cantonese. Journal of child language, 36(05), 1115–1144.",FALSE,16,30
BSL_WG,BSLWG_Woll_data.csv,Woll,Woll__British Sign Language_WG,British Sign Language,WG,WG,CC-BY,Bencie Woll (University College London),"Woolfe, T., Herman, R., Roy, P., & Woll, B. (2010). Early vocabulary development in deaf native signers: a British Sign Language adaptation of the communicative development inventories. Journal of Child Psychology and Psychiatry, 51(3), 322–331.",FALSE,8,36
MandarinBeijing_TC,MandarinBeijingTC_Li_data.csv,Li,Li__Mandarin (Beijing)_TC,Mandarin (Beijing),TC,WS,CC-BY,Ping Li (Pennsylvania State University),"Hao, M., Shu, H., Xing, A., & Li, P. (2008).  Early vocabulary inventory for Mandarin Chinese.  Behavior Research Methods, 40, 728–733.",FALSE,17,30
EnglishAmerican_WG,EnglishAmericanWG_Frank_xsface_data.csv,Frank,Frank_xsface_English (American)_WG,English (American),WG,WG,CC-BY,Michael C. Frank (Stanford University),,FALSE,8,18
Italian_WG,ItalianWG_Caselli_data.csv,Caselli,Caselli__Italian_WG,Italian,WG,WG,CC-BY,Christina Caselli (Institute of Cognitive Sciences and Technologies),"Caselli, M. C., Rinaldi, P., Stefanini, S., & Volterra, V. (2012). Early action and gesture 'vocabulary' and its relation with word comprehension and production. Child Development, 83(2), 526–542.",FALSE,7,24
Danish_WG,DanishWG_CLEX_data.csv,CLEX,CLEX__Danish_WG,Danish,WG,WG,CC-BY,Dorthe Bleses (University of Southern Denmark),"Bleses, D., Vach, W., Slott, M., Wehberg, S., Thomsen, P., Madsen, T. & Basbøll, H. (2008). The Danish Communicative Development Inventories: validity and main developmental trends. Journal of Child Language, 35, 619–650.",FALSE,8,20
FrenchQuebecois_WG,FrenchQuebecoisWG_CLEX_data.csv,CLEX,CLEX__French (Quebecois)_WG,French (Quebecois),WG,WG,CC-BY,Natacha Trudeau (Université de Montréal),"Boudreault, M. C., Cabirol, E. A., Poulin-Dubois, D., Sutton, A., & Trudeau, N. (2007). MacArthur Communicative Development Inventories: Validity and preliminary normative data. La Revue d’orthophonie et d’audiologie, 31(1), 27–37.",FALSE,8,16
Slovak_WG,SlovakWG_Kapalkova_data.csv,Kapalkova,Kapalkova__Slovak_WG,Slovak,WG,WG,CC-BY,Svetlana Kapalková (Comenius University),,FALSE,8,16
Slovak_WS,SlovakWS_Kapalkova_data.csv,Kapalkova,Kapalkova__Slovak_WS,Slovak,WS,WS,CC-BY,Svetlana Kapalková (Comenius University),,FALSE,17,36
FrenchQuebecois_WS,FrenchQuebecoisWS_data.csv,Trudeau,Trudeau__French (Quebecois)_WS,French (Quebecois),WS,WS,CC-BY,Natacha Trudeau (Université de Montréal),"Trudeau, N., & Sutton, A. (2011). Expressive vocabulary and early grammar of 16-to 30-month-old children acquiring Quebec French. First Language, 0142723711410828.",FALSE,16,30
EnglishBritish_TEDSTwos,EnglishBritishTEDSTwos_data.csv,TEDS,TEDS_Twos_English (British)_TEDS Twos,English (British),TEDS Twos,WS,CC-BY,Philip Dale (University of New Mexico),"Dale, P. S., Price, T. S., Bishop, D. V. M., & Plomin, R. (2003). Outcomes of early language delay: I. Predicting persistent and transient difficulties at 3 and 4 years. Journal of Speech-Language-Hearing Research, 46, 544–560.",FALSE,20,35
EnglishBritish_TEDSThrees,EnglishBritishTEDSThrees_data.csv,TEDS,TEDS_Threes_English (British)_TEDS Threes,English (British),TEDS Threes,WS,CC-BY,Philip Dale (University of New Mexico),"Dale, P. S., Price, T. S., Bishop, D. V. M., & Plomin, R. (2003). Outcomes of early language delay: I. Predicting persistent and transient difficulties at 3 and 4 years. Journal of Speech-Language-Hearing Research, 46, 544–560.",FALSE,34,47
ASL_FormA,ASLFormA_data.csv,Marchman,Marchman__American Sign Language_FormA,American Sign Language,Form A,WG,CC-BY,"Diane Anderson (University of California, Berkeley)","Anderson, D., & Reilly, J. (2002). The MacArthur Communicative Development Inventory: Normative data for American Sign Language. Journal of Deaf Studies and Deaf Education, 7(2), 83–106.",FALSE,8,36
ASL_FormB1,ASLFormB1_data.csv,Marchman,Marchman__American Sign Language_FormBOne,American Sign Language,Form B1,WS,CC-BY,"Diane Anderson (University of California, Berkeley)","Anderson, D., & Reilly, J. (2002). The MacArthur Communicative Development Inventory: Normative data for American Sign Language. Journal of Deaf Studies and Deaf Education, 7(2), 83–106.",FALSE,8,36
ASL_FormB2,ASLFormB2_data.csv,Marchman,Marchman__American Sign Language_FormBTwo,American Sign Language,Form B2,WS,CC-BY,"Diane Anderson (University of California, Berkeley)","Anderson, D., & Reilly, J. (2002). The MacArthur Communicative Development Inventory: Normative data for American Sign Language. Journal of Deaf Studies and Deaf Education, 7(2), 83–106.",FALSE,8,36
ASL_FormC,ASLFormC_data.csv,Marchman,Marchman__American Sign Language_FormC,American Sign Language,Form C,WS,CC-BY,"Diane Anderson (University of California, Berkeley)","Anderson, D., & Reilly, J. (2002). The MacArthur Communicative Development Inventory: Normative data for American Sign Language. Journal of Deaf Studies and Deaf Education, 7(2), 83–106.",FALSE,8,36
GreekCypriot_WS,GreekCypriotWS_Grohmann_data.csv,Grohmann,Grohmann__Greek (Cypriot)_WS,Greek (Cypriot),WS,WS,CC-BY,Kleanthes K. Grohmann (University of Cyprus),"Taxitari, Loukia, Maria Kambanaros & Kleanthes K. Grohmann. 2015. ‘A Cypriot Greek Adaptation of the CDI: Early Production of Translation Equivalents in a Bi(dia)lectal Context’. Journal of Greek Linguistics 15, 1–24.",FALSE,18,30
Kigiriama_WG,KigiriamaWG_Alcock_data.csv,Alcock,Alcock__Kigiriama_WG,Kigiriama,WG,WG,CC-BY,Katie Alcock (Lancaster University),"Alcock, K., Rimba, K., Holding, P., Kitsao-Wekulo, P., Abubakar, A., Newton, C.R.J.C. (2015). Developmental inventories using illiterate parents as informants: Communicative Development Inventory (CDI) adaptation for two Kenyan languages. Journal of Child Language, 42, 763–785.",FALSE,8,15
Kigiriama_WS,KigiriamaWS_Alcock_data.csv,Alcock,Alcock__Kigiriama_WS,Kigiriama,WS,WS,CC-BY,Katie Alcock (Lancaster University),"Alcock, K., Rimba, K., Holding, P., Kitsao-Wekulo, P., Abubakar, A., Newton, C.R.J.C. (2015). Developmental inventories using illiterate parents as informants: Communicative Development Inventory (CDI) adaptation for two Kenyan languages. Journal of Child Language, 42, 763–785.",FALSE,16,30
Kiswahili_WG,KiswahiliWG_Alcock_data.csv,Alcock,Alcock__Kiswahili_WG,Kiswahili,WG,WG,CC-BY,Katie Alcock (Lancaster University),"Alcock, K., Rimba, K., Holding, P., Kitsao-Wekulo, P., Abubakar, A., Newton, C.R.J.C. (2015). Developmental inventories using illiterate parents as informants: Communicative Development Inventory (CDI) adaptation for two Kenyan languages. Journal of Child Language, 42, 763–785.",FALSE,8,15
Kiswahili_WS,KiswahiliWS_Alcock_Monolingual_data.csv,Alcock,Alcock__Kiswahili_WS,Kiswahili,WS,WS,CC-BY,Katie Alcock (Lancaster University),"Alcock, K., Rimba, K., Holding, P., Kitsao-Wekulo, P., Abubakar, A., Newton, C.R.J.C. (2015). Developmental inventories using illiterate parents as informants: Communicative Development Inventory (CDI) adaptation for two Kenyan languages. Journal of Child Language, 42, 763–785.",FALSE,16,30
Kiswahili_WS,KiswahiliWS_Alcock_BothLanguages_data.csv,Alcock,Alcock__Kiswahili_WS,Kiswahili,WS,WS,CC-BY,Katie Alcock (Lancaster University),"Alcock, K., Rimba, K., Holding, P., Kitsao-Wekulo, P., Abubakar, A., Newton, C.R.J.C. (2015). Developmental inventories using illiterate parents as informants: Communicative Development Inventory (CDI) adaptation for two Kenyan languages. Journal of Child Language, 42, 763–785.",FALSE,16,30
MandarinBeijing_IC,MandarinBeijingIC_Li_data.csv,Li,Li__Mandarin (Beijing)_IC,Mandarin (Beijing),IC,WG,CC-BY,Ping Li (Pennsylvania State University),"Hao, M., Shu, H., Xing, A., & Li, P. (2008).  Early vocabulary inventory for Mandarin Chinese.  Behavior Research Methods, 40, 728–733.",FALSE,12,16
Czech_WS,CzechWS_Smolik_data.csv,Smolik,Smolik__Czech_WS,Czech,WS,WS,CC-BY,Filip Smolik (Academy of Sciences of the Czech Republic),"Markova, G., Smolík, F. (2014). What Do You Think? The Relationship between Person Reference and Communication About the Mind in Toddlers. Social Development, 23, 61–79. DOI: 10.1111/sode.12044",FALSE,16,30
EnglishAustralian_WS,EnglishAustralianWS_Kalashnikova_data.csv,Kalashnikova,Kalashnikova__English (Australian)_WS,English (Australian),WS,WS,CC-BY,"Marina Kalashnikova (MARCS Institute for Brain, Behaviour and Development)","Kalashnikova, M., Schwarz, I.-C., & Burnham, D. (2016). OZI: Australian English Communicative Development. First Language, 36, 407–427.",FALSE,12,30
EnglishBritish_Oxford,EnglishBritishOxford_Floccia_longitudinal_data.csv,Floccia,Floccia_Longitudinal_English (British)_Oxford CDI,English (British),Oxford CDI,WG,CC-BY,Caroline Floccia (Plymouth University),"Floccia, C. (2017). Data collected with the Oxford CDI over a course of 5 years in Plymouth Babylab, UK. With the permission of Plunkett, K. and the Oxford CDI from Hamilton, A., Plunkett, K., & Schafer, G., (2000). Infant vocabulary development assessed with a British Communicative Development Inventory: Lower scores in the UK than the USA. Journal of Child Language, 27, 689–705.",TRUE,12,25
Latvian_WG,LatvianWG_Urek_data.csv,Urek,Urek__Latvian_WG,Latvian,WG,WG,CC-BY,Olga Urek (The Arctic University of Norway),"Urek, O., Vulāne, A., Darģis, R., Tauriņa, A., Zīriņa, T., & Simonsen, H. G. (2019). Latvian CDI: methodology, developmental trends, and cross-linguistic comparison. Journal of Baltic Studies, 50(3), 285–305. DOI: 10.1080/01629778.2019.1590433",FALSE,8,16
Latvian_WS,LatvianWS_Urek_data.csv,Urek,Urek__Latvian_WS,Latvian,WS,WS,CC-BY,Olga Urek (The Arctic University of Norway),"Urek, O., Vulāne, A., Darģis, R., Tauriņa, A., Zīriņa, T., & Simonsen, H. G. (2019). Latvian CDI: methodology, developmental trends, and cross-linguistic comparison. Journal of Baltic Studies, 50(3), 285–305. DOI: 10.1080/01629778.2019.1590433",FALSE,17,36
Korean_WG,KoreanWG_Yim_data.csv,Yim,Yim__Korean_WG,Korean,WG,WG,CC-BY,Dongsun Yim (Ewha Womans University),,TRUE,8,17
Korean_WS,KoreanWS_Yim_data.csv,Yim,Yim__Korean_WS,Korean,WS,WS,CC-BY,Dongsun Yim (Ewha Womans University),,TRUE,18,36
SpanishMexican_WG,SpanishMexicanWG_Fernald_SLENA_data.csv,Fernald,Fernald_Outreach_Spanish (Mexican)_WG,Spanish (Mexican),WG,WG,CC-BY,Anne Fernald (Stanford University),"​Weisleder, A., & Fernald, A. (2013). Talking to children matters: Early language experience strengthens processing and builds vocabulary. Psychological Science, 24, 2143–2152. DOI: 10.1177/0956797613488145",TRUE,8,18
SpanishMexican_WS,SpanishMexicanWS_Fernald_SLENA_data.csv,Fernald,Fernald_Outreach_Spanish (Mexican)_WS,Spanish (Mexican),WS,WS,CC-BY,Anne Fernald (Stanford University),"​Weisleder, A., & Fernald, A. (2013). Talking to children matters: Early language experience strengthens processing and builds vocabulary. Psychological Science, 24, 2143–2152. DOI: 10.1177/0956797613488145",TRUE,16,30
Korean_WS,KoreanWS_Pae_data.csv,Pae,Pae__Korean_WS,Korean,WS,WS,CC-BY-NC,Soyeong Pae (Hallym University),"​Pae, S., & Kwak, K. (2011). Korean MacArthur-Bates Communicative Development Inventories (K M-B CDI). Seoul: Mindpress.",FALSE,18,36
Korean_WG,KoreanWG_Pae_data.csv,Pae,Pae__Korean_WG,Korean,WG,WG,CC-BY-NC,Soyeong Pae (Hallym University),"​Pae, S., & Kwak, K. (2011). Korean MacArthur-Bates Communicative Development Inventories (K M-B CDI). Seoul: Mindpress.",FALSE,8,17
FrenchFrench_WS,FrenchFrenchWS_Bergmann_data.csv,Bergmann,Bergmann__French (French)_WS,French (French),WS,WG,CC-BY,"Christina Bergmann (Max Planck Institute for Psycholinguistics), Anne-Caroline Fievet (Laboratoire de Sciences Cognitives et Psycholinguistique (ENS, EHESS, CNRS))",,FALSE,16,30
FrenchFrench_WG,FrenchFrenchWG_VonHolzen_data.csv,VonHolzen,VonHolzen__French (French)_WG,French (French),WG,WG,CC-BY,Katie Von Holzen (University of Maryland),"​Von Holzen, K., Nishibayashi, L.-L., & Nazzi, T. (2018). Consonant and vowel processing in word form segmentation: An infant ERP study. Brain Sciences, 8(24), 1–15. DOI: 10.3390/brainsci8020024.",TRUE,8,16
FrenchFrench_WS,FrenchFrenchWS_VonHolzen_data.csv,VonHolzen,VonHolzen__French (French)_WS,French (French),WS,WS,CC-BY,Katie Von Holzen (University of Maryland),"​Von Holzen, K., Nishibayashi, L.-L., & Nazzi, T. (2018). Consonant and vowel processing in word form segmentation: An infant ERP study. Brain Sciences, 8(24), 1–15. DOI: 10.3390/brainsci8020024.",TRUE,16,30
PortugueseEuropean_WG,PortugueseEuropeanWG_Cadime_data.csv,Cadime,Cadime__Portuguese (European)_WG,Portuguese (European),WG,WG,CC-BY,Irene Cadime (University of Minho),,FALSE,8,15
PortugueseEuropean_WS,PortugueseEuropeanWS_Cadime_data.csv,Cadime,Cadime__Portuguese (European)_WS,Portuguese (European),WS,WS,CC-BY,Irene Cadime (University of Minho),​,FALSE,16,30
SpanishEuropean_WG,SpanishEuropeanWG_Karousou_data.csv,Karousou,Karousou__Spanish (European)_WG,Spanish (European),WG,WG,CC-BY,Alexandra Karousou (Democritus University of Thrace),"​López Ornat, S., Gallego, C., Gallo, P., Karousou, A., Mariscal, S., & Martínez, M. (2005). MacArthur: Inventario de desarrollo comunicativo. Manual y Cuadernillos. Madrid: TEA Ediciones. ISBN: 84-7174-820-7",FALSE,8,15
SpanishEuropean_WS,SpanishEuropeanWS_Karousou_data.csv,Karousou,Karousou__Spanish (European)_WS,Spanish (European),WS,WS,CC-BY,Alexandra Karousou (Democritus University of Thrace),"​López Ornat, S., Gallego, C., Gallo, P., Karousou, A., Mariscal, S., & Martínez, M. (2005). MacArthur: Inventario de desarrollo comunicativo. Manual y Cuadernillos. Madrid: TEA Ediciones. ISBN: 84-7174-820-7",FALSE,16,30
FrenchFrench_WS,FrenchFrenchWS_Kern_data.csv,Kern,Kern__French (French)_WS,French (French),WS,WS,CC-BY,Sophie Kern (Centre national de la recherche scientifique (CNRS)),,FALSE,16,30
MandarinTaiwanese_WG,MandarinTaiwaneseWG_Liu_data.csv,Liu,Liu__Mandarin (Taiwanese)_WG,Mandarin (Taiwanese),WG,WG,CC-BY,Huei-Mei Liu (National Taiwan Normal University),"Liu, H. M., & Tsao, F. M. (2010). The standardization and application of Mandarin-Chinese communicative developmental inventory for infants and toddlers. Formosa Journal of Mental Health, (4)23, 503–534. DOI: 10.30074/CJMH.201012.0001; Liu, H. M., & Chen, Y. (2015). Developmental changes in the content and composition of early expressive vocabulary in Mandarin-speaking infants and toddlers. Bulletin of Educational Psychology, 24(7), 217–242. DOI: 10.6251/BEP.20150205",FALSE,8,16
MandarinTaiwanese_WS,MandarinTaiwaneseWS_Liu_data.csv,Liu,Liu__Mandarin (Taiwanese)_WS,Mandarin (Taiwanese),WS,WS,CC-BY,Huei-Mei Liu (National Taiwan Normal University),"Liu, H. M., & Tsao, F. M. (2010). The standardization and application of Mandarin-Chinese communicative developmental inventory for infants and toddlers. Formosa Journal of Mental Health, (4)23, 503–534. DOI: 10.30074/CJMH.201012.0001; Liu, H. M., & Chen, Y. (2015). Developmental changes in the content and composition of early expressive vocabulary in Mandarin-speaking infants and toddlers. Bulletin of Educational Psychology, 24(7), 217–242. DOI: 10.6251/BEP.20150205",FALSE,16,36
EnglishAmerican_WS,EnglishAmericanWS_Marchman_Norming_data.csv,Marchman,Marchman_Norming_English (American)_WS,English (American),WS,WS,CC-BY,Larry Fenson (San Diego State University),"Fenson, L., Marchman, V. A., Thal, D., Dale, P., Reznick, J. S. & Bates, E. (2007). MacArthur-Bates Communicative Development Inventories: User's Guide and Technical Manual. 2nd Edition. Baltimore, MD: Brookes Publishing.",FALSE,16,30
EnglishAmerican_WS,EnglishAmericanWS_Marchman_Wisconsin_data.csv,Marchman,Marchman_Wisconsin_English (American)_WS,English (American),WS,WS,CC-BY,Virginia Marchman (Stanford University),,FALSE,16,30
EnglishAmerican_WS,EnglishAmericanWS_Marchman_Dallas_data.csv,Marchman,Marchman_Dallas_English (American)_WS,English (American),WS,WS,CC-BY,Virginia Marchman (Stanford University),,FALSE,16,30
EnglishAmerican_WS,EnglishAmericanWS_Marchman_Dallas_Bilingual_data.csv,Marchman,Marchman Dallas Bilingual,English (American),WS,WS,CC-BY,Virginia Marchman (Stanford University),"Marchman, V. A., Martínez-Sussmann, C., & Dale, P. S. (2004). The language-specific nature of grammatical development: Evidence from bilingual language learners. Developmental Science, 7(2), 212–224.",FALSE,16,30
EnglishAmerican_WS,EnglishAmericanWS_Smith_electronic_data.csv,Smith,Smith_electronic_English (American)_WS,English (American),WS,WS,CC-BY,Linda Smith (Indiana University),,FALSE,16,30
SpanishMexican_WS,SpanishMexicanWS_Marchman_Norming_data.csv,Marchman,Marchman_Norming_Spanish (Mexican)_WS,Spanish (Mexican),WS,WS,CC-BY,Donna Jackson-Maldonado (Universidad Autónoma de Querétaro),"Jackson-Maldonado, D., Thal, D., Marchman, V., Newton, T., Fenson, L, & Conboy, B. (2003). MacArthur Inventarios del Desarrollo de Habilidades Comunicativas. User's Guide and Technical Manual. Brookes, Baltimore.",FALSE,16,30
Norwegian_WS,NorwegianWS_Kristoffersen_data.csv,Kristoffersen,Kristoffersen__Norwegian_WS,Norwegian,WS,WS,CC-BY,Hanne Simonsen and Kristian Kristoffersen (University of Oslo),"Simonsen, H. G., Kristoffersen, K. E., Bleses, D., Wehberg, S., & Jørgensen, R. N. (2014). The Norwegian Communicative Development Inventories: Reliability, main developmental trends and gender differences. First Language, 34(1), 3–23. DOI: 10.1177/0142723713510997",FALSE,16,36
Norwegian_WG,NorwegianWG_Kristoffersen_data.csv,Kristoffersen,Kristoffersen__Norwegian_WG,Norwegian,WG,WG,CC-BY,Hanne Simonsen and Kristian Kristoffersen (University of Oslo),"Simonsen, H. G., Kristoffersen, K. E., Bleses, D., Wehberg, S., & Jørgensen, R. N. (2014). The Norwegian Communicative Development Inventories: Reliability, main developmental trends and gender differences. First Language, 34(1), 3–23. DOI: 10.1177/0142723713510997",FALSE,8,20
EnglishBritish_Oxford,EnglishBritishOxford_Floccia_crosssectional_data.csv,Floccia,Floccia_Cross-sectional_English (British)_Oxford CDI,English (British),Oxford CDI,WG,CC-BY,Caroline Floccia (Plymouth University),"Floccia, C. (2017). Data collected with the Oxford CDI over a course of 5 years in Plymouth Babylab, UK. With the permission of Plunkett, K. and the Oxford CDI from Hamilton, A., Plunkett, K., & Schafer, G., (2000). Infant vocabulary development assessed with a British Communicative Development Inventory: Lower scores in the UK than the USA. Journal of Child Language, 27, 689–705.",FALSE,12,25
EnglishIrish_WS,EnglishIrishWS_OToole_data.csv,OToole,OToole_English_Irish_Bilingual_WS,English (Irish),WS,WS,CC-BY,Ciara O'Toole (University College Cork),"O’Toole, C., Gatt, D., Hickey, T. M., Miękisz, A., Haman, E., Armon-Lotem, S., Rinker, T., Ohana, O., dos Santos C., & Kern, S. (2017) Parent report of early lexical production in bilingual children: A cross-linguistic CDI comparison. International Journal of Bilingual Education and Bilingualism, 20:2, 124–145, DOI: 10.1080/13670050.2016.1179258",FALSE,16,36
Irish_WS,IrishWS_OToole_data.csv,OToole,OToole_English_Irish_Bilingual_WS,Irish,WS,WS,CC-BY,Ciara O'Toole (University College Cork),"O’Toole, C., Gatt, D., Hickey, T. M., Miękisz, A., Haman, E., Armon-Lotem, S., Rinker, T., Ohana, O., dos Santos C., & Kern, S. (2017) Parent report of early lexical production in bilingual children: A cross-linguistic CDI comparison. International Journal of Bilingual Education and Bilingualism, 20:2, 124–145, DOI: 10.1080/13670050.2016.1179258",FALSE,16,36
EnglishAmerican_WS,EnglishAmericanWS_Hoff_R01_data.csv,Hoff,Hoff_English_Mexican_Bilingual,English (American),WS,WS,CC-BY,Erika Hoff (Florida Atlantic University),"Hoff, E., Quinn, J. M., & Giguere, D. (2018). What explains the correlation between growth in vocabulary and grammar? New evidence from latent change score analyses of simultaneous bilingual development. Developmental Science, 21(2), e12536.",TRUE,16,30
SpanishMexican_WS,SpanishMexicanWS_Hoff_R01_data.csv,Hoff,Hoff_English_Mexican_Bilingual,Spanish (Mexican),WS,WS,CC-BY,Erika Hoff (Florida Atlantic University),"Hoff, E., Quinn, J. M., & Giguere, D. (2018). What explains the correlation between growth in vocabulary and grammar? New evidence from latent change score analyses of simultaneous bilingual development. Developmental Science, 21(2), e12536.",TRUE,16,30
EnglishAmerican_WS,EnglishAmericanWS_Armon-Lotem_data.csv,Armon-Lotem,Armon-Lotem_Hebrew_English_Bilingual,English (American),WS,WS,CC-BY,Sharon Armon-Lotem (Bar-Ilan University),"Armon-Lotem, S. & Ohana, O. (2017). A CDI study of bilingual English-Hebrew children: Frequency of exposure as a major source of variation. International Journal of Bilingual Education and Bilingualism, 20(2), 201–217.",TRUE,16,30
Hebrew_WS,HebrewWS_Armon-Lotem_data.csv,Armon-Lotem,Armon-Lotem_Hebrew_English_Bilingual,Hebrew,WS,WS,CC-BY,Sharon Armon-Lotem (Bar-Ilan University),"Armon-Lotem, S. & Ohana, O. (2017). A CDI study of bilingual English-Hebrew children: Frequency of exposure as a major source of variation. International Journal of Bilingual Education and Bilingualism, 20(2), 201–217.",TRUE,25,36
Finnish_WS,FinnishWS_Stolt_data.csv,Stolt,Stolt_Stolt_Finnish_WS,Finnish,WS,WS,CC-BY,Suvi Stolt (University of Helsinki),"Stolt, S. & Vehkavuori, S-M. (2018). Sanaseula: Finnish short form versions of the MacArthur Communicative Development Inventories. Jyväskylä: Niilo Mäki Instituutti.",TRUE,16,36
Dutch_Swingley,DutchSwingley_Story2_data.csv,Bergmann,Bergmann_Story2_Dutch_Swingley,Dutch,Swingley,WG,CC-BY,Christina Bergmann (Max Planck Institute for Psycholinguistics),"Bergmann, C, Hendriks, C, de Bruin, Y, Egger, J, Fikkert, P, Hahn, L, Hunnius, S, Johnson, E, Junge, C, Levelt, C, Rulkens-Dijkstra, N, Swingley, D, Ward, E, & Rowland, C. MB-CDI Dutch Pre-Norming Corpus. ",TRUE,8,36
Dutch_Swingley,DutchSwingley_Story3_data.csv,Bergmann,Bergmann_Story3_Dutch_Swingley,Dutch,Swingley,WG,CC-BY,Christina Bergmann (Max Planck Institute for Psycholinguistics),"Bergmann, C, Hendriks, C, de Bruin, Y, Egger, J, Fikkert, P, Hahn, L, Hunnius, S, Johnson, E, Junge, C, Levelt, C, Rulkens-Dijkstra, N, Swingley, D, Ward, E, & Rowland, C. MB-CDI Dutch Pre-Norming Corpus. ",TRUE,8,36
Dutch_Swingley,DutchSwingley_Story4_data.csv,Bergmann,Bergmann_Story4_Dutch_Swingley,Dutch,Swingley,WG,CC-BY,Christina Bergmann (Max Planck Institute for Psycholinguistics),"Bergmann, C, Hendriks, C, de Bruin, Y, Egger, J, Fikkert, P, Hahn, L, Hunnius, S, Johnson, E, Junge, C, Levelt, C, Rulkens-Dijkstra, N, Swingley, D, Ward, E, & Rowland, C. MB-CDI Dutch Pre-Norming Corpus. ",TRUE,8,36
Dutch_Swingley,DutchSwingley_Teach3_data.csv,Bergmann,Bergmann_Teach3_Dutch_Swingley,Dutch,Swingley,WG,CC-BY,Christina Bergmann (Max Planck Institute for Psycholinguistics),"Bergmann, C, Hendriks, C, de Bruin, Y, Egger, J, Fikkert, P, Hahn, L, Hunnius, S, Johnson, E, Junge, C, Levelt, C, Rulkens-Dijkstra, N, Swingley, D, Ward, E, & Rowland, C. MB-CDI Dutch Pre-Norming Corpus. ",TRUE,8,36
Dutch_Swingley,DutchSwingley_Xeno_data.csv,Bergmann,Bergmann_Xeno_Dutch_Swingley,Dutch,Swingley,WG,CC-BY,Christina Bergmann (Max Planck Institute for Psycholinguistics),"Bergmann, C, Hendriks, C, de Bruin, Y, Egger, J, Fikkert, P, Hahn, L, Hunnius, S, Johnson, E, Junge, C, Levelt, C, Rulkens-Dijkstra, N, Swingley, D, Ward, E, & Rowland, C. MB-CDI Dutch Pre-Norming Corpus. ",TRUE,8,36
Dutch_WS,DutchWS_BRC_data.csv,Bergmann,Bergmann_BRC_Dutch_WS,Dutch,WS,WS,CC-BY,Christina Bergmann (Max Planck Institute for Psycholinguistics),"Bergmann, C, Hendriks, C, de Bruin, Y, Egger, J, Fikkert, P, Hahn, L, Hunnius, S, Johnson, E, Junge, C, Levelt, C, Rulkens-Dijkstra, N, Swingley, D, Ward, E, & Rowland, C. MB-CDI Dutch Pre-Norming Corpus. ",TRUE,16,36
Dutch_WG,DutchWG_BRC_data.csv,Bergmann,Bergmann_BRC_Dutch_WG,Dutch,WG,WG,CC-BY,Christina Bergmann (Max Planck Institute for Psycholinguistics),"Bergmann, C, Hendriks, C, de Bruin, Y, Egger, J, Fikkert, P, Hahn, L, Hunnius, S, Johnson, E, Junge, C, Levelt, C, Rulkens-Dijkstra, N, Swingley, D, Ward, E, & Rowland, C. MB-CDI Dutch Pre-Norming Corpus. ",TRUE,8,18
Dutch_WG,DutchWG_Babylab_data.csv,Bergmann,Bergmann_Babylab_Dutch_WG,Dutch,WG,WG,CC-BY,Christina Bergmann (Max Planck Institute for Psycholinguistics),"Bergmann, C, Hendriks, C, de Bruin, Y, Egger, J, Fikkert, P, Hahn, L, Hunnius, S, Johnson, E, Junge, C, Levelt, C, Rulkens-Dijkstra, N, Swingley, D, Ward, E, & Rowland, C. MB-CDI Dutch Pre-Norming Corpus. ",TRUE,8,18
Dutch_Form1,DutchForm1_BRC_data.csv,Bergmann,Bergmann_BRC_Dutch_FormOne,Dutch,Form 1,WG,CC-BY,Christina Bergmann (Max Planck Institute for Psycholinguistics),"Bergmann, C, Hendriks, C, de Bruin, Y, Egger, J, Fikkert, P, Hahn, L, Hunnius, S, Johnson, E, Junge, C, Levelt, C, Rulkens-Dijkstra, N, Swingley, D, Ward, E, & Rowland, C. MB-CDI Dutch Pre-Norming Corpus. ",TRUE,8,18
Dutch_Form1,DutchForm1_Babylab_data.csv,Bergmann,Bergmann_Babylab_Dutch_FormOne,Dutch,Form 1,WG,CC-BY,Christina Bergmann (Max Planck Institute for Psycholinguistics),"Bergmann, C, Hendriks, C, de Bruin, Y, Egger, J, Fikkert, P, Hahn, L, Hunnius, S, Johnson, E, Junge, C, Levelt, C, Rulkens-Dijkstra, N, Swingley, D, Ward, E, & Rowland, C. MB-CDI Dutch Pre-Norming Corpus. ",TRUE,8,18
Dutch_Form2A,DutchForm2A_BRC_data.csv,Bergmann,Bergmann_BRC_Dutch_FormTwoA,Dutch,Form 2A,WG,CC-BY,Christina Bergmann (Max Planck Institute for Psycholinguistics),"Bergmann, C, Hendriks, C, de Bruin, Y, Egger, J, Fikkert, P, Hahn, L, Hunnius, S, Johnson, E, Junge, C, Levelt, C, Rulkens-Dijkstra, N, Swingley, D, Ward, E, & Rowland, C. MB-CDI Dutch Pre-Norming Corpus. ",TRUE,8,36
Dutch_Form2A,DutchForm2A_Babylab_data.csv,Bergmann,Bergmann_Babylab_Dutch_FormTwoA,Dutch,Form 2A,WG,CC-BY,Christina Bergmann (Max Planck Institute for Psycholinguistics),"Bergmann, C, Hendriks, C, de Bruin, Y, Egger, J, Fikkert, P, Hahn, L, Hunnius, S, Johnson, E, Junge, C, Levelt, C, Rulkens-Dijkstra, N, Swingley, D, Ward, E, & Rowland, C. MB-CDI Dutch Pre-Norming Corpus. ",TRUE,8,36
Dutch_Form2B,DutchForm2B_BRC_data.csv,Bergmann,Bergmann_BRC_Dutch_FormTwoB,Dutch,Form 2B,WG,CC-BY,Christina Bergmann (Max Planck Institute for Psycholinguistics),"Bergmann, C, Hendriks, C, de Bruin, Y, Egger, J, Fikkert, P, Hahn, L, Hunnius, S, Johnson, E, Junge, C, Levelt, C, Rulkens-Dijkstra, N, Swingley, D, Ward, E, & Rowland, C. MB-CDI Dutch Pre-Norming Corpus. ",TRUE,16,36
Dutch_Form2B,DutchForm2B_Babylab_data.csv,Bergmann,Bergmann_Babylab_Dutch_FormTwoB,Dutch,Form 2B,WG,CC-BY,Christina Bergmann (Max Planck Institute for Psycholinguistics),"Bergmann, C, Hendriks, C, de Bruin, Y, Egger, J, Fikkert, P, Hahn, L, Hunnius, S, Johnson, E, Junge, C, Levelt, C, Rulkens-Dijkstra, N, Swingley, D, Ward, E, & Rowland, C. MB-CDI Dutch Pre-Norming Corpus. ",TRUE,16,36
Dutch_Form3,DutchForm3_BRC_data.csv,Bergmann,Bergmann_BRC_Dutch_FormThree,Dutch,Form 3,WS,CC-BY,Christina Bergmann (Max Planck Institute for Psycholinguistics),"Bergmann, C, Hendriks, C, de Bruin, Y, Egger, J, Fikkert, P, Hahn, L, Hunnius, S, Johnson, E, Junge, C, Levelt, C, Rulkens-Dijkstra, N, Swingley, D, Ward, E, & Rowland, C. MB-CDI Dutch Pre-Norming Corpus. ",TRUE,16,36
Hungarian_WS,HungarianWS_Kas_data.csv,Kas,Kas__Hungarian_WS,Hungarian,WS,WS,CC-BY,Bence Kas (Eötvös Loránd University),"Kas, B., Lőrik, J., Sz. Vékony, A., K. Kasziba, H. (2010). A korai nyelvi fejlődés új vizsgálóeszköze, a MacArthur-Bates Kommunikatív Fejlődési Adattár (KOFA) bemutatása és validitási vizsgálata. Gyógypedagógiai Szemle, 38, 114–125. http://www.epa.hu/03000/03047/00049/pdf/EPA03047_gyosze_2010_2_114-125.pdf",TRUE,12,30
SpanishArgentinian_WS,SpanishArgentinianWS_Resches_data.csv,Resches,Resches_Resches_Spanish (Argentinian)_WS,Spanish (Argentinian),WS,WS,CC-BY,Mariela Resches (National Scientific and Technical Research Council (CONICET)),"Resches, M., Querejeta, M., Kohan Cortada, A., & Laguens, A. (2021). Adaptación y normativización del Inventario del Desarrollo Comunicativo MacArthur-Bates (CDI-Forma II) al español rioplatense [Adaptation and standardization of the MacArthur-Bates Communicative Development Inventory (CDI-Form II) to River Plate Spanish]. Revista Iberoamericana de Psicología; 14(3), 107–120. DOI: 10.33881/2027-1786.rip.14310",TRUE,16,36
ASL_CDI2,ASLCDI2_Caselli_data.csv,Caselli,Caselli_Caselli_American Sign Language_CDITwo,American Sign Language,CDI 2,WG,CC-BY,Naomi Caselli (Boston University),"Caselli, N., Lieberman, A., Pyers, J. (2020). The ASL-CDI 2.0: An updated, normed adaptation of the MacArthur Bates Communicative Development Inventory for American Sign Language. Behavior Research Methods.",TRUE,8,36
SpanishChilean_WG,SpanishChileanWG_Navarro_Pilot_data.csv,Navarro,Navarro_Pilot_Spanish (Chilean)_WG,Spanish (Chilean),WG,WG,CC-BY,Sergio Muñoz Navarro and Luis Leonardo Cepeda Guíñez (Universidad de La Frontera),,TRUE,8,15
SpanishPeruvian_WG,SpanishPeruvianWG_Blume_data.csv,Blume,Blume_Blume_Spanish (Peruvian)_WG,Spanish (Peruvian),WG,WG,CC-BY-NC,María Blume del Río (Pontificia Universidad Católica del Perú),"Blume, M., Fernández-Flecha, M., Junyent, A., & Tijero, T. (2019). Proceso de adaptación de los Inventarios de Desarrollo Comunicativo MacArthur-Bates al castellano estándar del Perú [Adaptation process of the MacArthur-Bates Communicative Development Inventories to Standard Peruvian Spanish]. Lexis, 43(2): 369–420. DOI: 10.18800/lexis.201902.003",TRUE,8,15
SpanishPeruvian_WS,SpanishPeruvianWS_Blume_data.csv,Blume,Blume_Blume_Spanish (Peruvian)_WS,Spanish (Peruvian),WS,WS,CC-BY-NC,María Blume del Río (Pontificia Universidad Católica del Perú),"Blume, M., Fernández-Flecha, M., Junyent, A., & Tijero, T. (2019). Proceso de adaptación de los Inventarios de Desarrollo Comunicativo MacArthur-Bates al castellano estándar del Perú [Adaptation process of the MacArthur-Bates Communicative Development Inventories to Standard Peruvian Spanish]. Lexis, 43(2): 369–420. DOI: 10.18800/lexis.201902.003",TRUE,16,36
Cantonese_WS,CantoneseWS_Nazzi_data.csv,Nazzi,Nazzi__Cantonese_WS,Cantonese,WS,WS,CC-BY,Thierry Nazzi (Université Paris Cité),"Chen, H, Lee, D. T., Luo, Z., Lai, R. Y., Cheung, H., & Nazzi, T. (2021). Variation in phonological bias: Bias for vowels, rather than consonants or tones in lexical processing by Cantonese-learning toddlers. Cognition, 213: 104486. ",FALSE,16,30
Persian_WS,PersianWS_Kazemi_data.csv,Kazemi,Kazemi__Persian_WS,Persian,WS,WS,CC-BY,Yalda Kazemi (Isfahan University of Medical Sciences),"Kazemi, Y., Afsharian, E., Mirzaei, B., Baghbani, M., Sademinejad, M., & Gheleyempour, L. (2007). Children's communication checklist: The study of persian children. Iranian Journal of Research in Rehabilitation Sciences, 2(3), 1-–5.",FALSE,16,36
Persian_WG,PersianWG_Kazemi_data.csv,Kazemi,Kazemi__Persian_WG,Persian,WG,WG,CC-BY,Yalda Kazemi (Isfahan University of Medical Sciences),"Kazemi, Y., Afsharian, E., Mirzaei, B., Baghbani, M., Sademinejad, M., & Gheleyempour, L. (2007). Children's communication checklist: The study of persian children. Iranian Journal of Research in Rehabilitation Sciences, 2(3), 1-–5.",FALSE,8,16
EnglishAmerican_WG,EnglishAmericanWG_Edgin_data.csv,Edgin,Edgin__English (American)_WG,English (American),WG,WG,CC-BY,Jamie Edgin (University of Arizona),"Edgin, J. O., Tooley, U., Demara, B., Nyhuis, C., Anand, P., & Spanò, G. (2015). Sleep disturbance and expressive language development in preschool‐age children with Down syndrome. Child Development, 86(6), 1984–1998.",TRUE,8,18
EnglishAmerican_WS,EnglishAmericanWS_Edgin_data.csv,Edgin,Edgin__English (American)_WS,English (American),WS,WS,CC-BY,Jamie Edgin (University of Arizona),"Edgin, J. O., Tooley, U., Demara, B., Nyhuis, C., Anand, P., & Spanò, G. (2015). Sleep disturbance and expressive language development in preschool‐age children with Down syndrome. Child Development, 86(6), 1984–1998.",TRUE,16,30
Finnish_WSShort,FinnishWSShort_Stolt_data.csv,Stolt,Stolt__Finnish_WSShort,Finnish,WS Short,WS,CC-BY,Suvi Stolt (University of Helsinki),"Stolt, S. & Vehkavuori, S-M. (2018). Sanaseula: Finnish short form versions of the MacArthur Communicative Development Inventories. Jyväskylä: Niilo Mäki Instituutti.",TRUE,16,36
EnglishAmerican_WGShort,EnglishAmericanWGShort_Walle_data.csv,Walle,Walle__English (American)_WGShort,English (American),WG Short,WG,CC-BY,Eric Walle (University of California (Merced),"Walle, E. A. & Campos, J. J. (2014). Infant language development is related to the acquisition of walking. Developmental Psychology, 50, 336–348.",TRUE,8,18
EnglishAmerican_WSShort,EnglishAmericanWSShort_Walle_data.csv,Walle,Walle__English (American)_WSShort,English (American),WS Short,WS,CC-BY,Eric Walle (University of California (Merced),"Walle, E. A. & Campos, J. J. (2014). Infant language development is related to the acquisition of walking. Developmental Psychology, 50, 336–348.",TRUE,16,36
EnglishBritish_OxfordShort,EnglishBritishOxfordShort_Floccia_data.csv,Floccia,Floccia__English (British)_OxfordShort,English (British),Oxford Short,WG,CC-BY,Caroline Floccia (University of Plymouth),"Floccia, C., Sambrook, T. D., Luche, C. D., Kwok, R., Goslin, J., White, L., Cattani, A., Sullivan, E., Abbot-Smith, K., Krott, A., Mills, D., Rowland, C., Gervain, J., Plunkett, K., Hoff, E., & Bauer, P. J. (2018). Vocabulary of 2-year-olds learning English and an additional language: Norms and effects of linguistic distance. Monographs for the Society for Research in Child Development, 83(1), 1–235. DOI: 10.1111/mono.12352",TRUE,12,25
EnglishAmerican_WG,EnglishAmericanWG_Marchman_Norming2_data.csv,Marchman,Marchman_Norming2_English (American)_WG,English (American),WG,WG,CC-BY,The MacArthur-Bates CDI Advisory Board,"Marchman, V. A., Dale, P. S., & Fenson, L. (2023). The MacArthur-Bates Communicative Development Inventories: User's Guide and Technical Manual (3rd Edition). Baltimore, MD: Brookes Publishing. ",FALSE,8,18
EnglishAmerican_WS,EnglishAmericanWS_Marchman_Norming2_data.csv,Marchman,Marchman_Norming2_English (American)_WS,English (American),WS,WS,CC-BY,The MacArthur-Bates CDI Advisory Board,"Marchman, V. A., Dale, P. S., & Fenson, L. (2023). The MacArthur-Bates Communicative Development Inventories: User's Guide and Technical Manual (3rd Edition). Baltimore, MD: Brookes Publishing. ",FALSE,16,30
EnglishAmerican_WS,EnglishAmericanWS_Thal_16_data.csv,Thal,Thal,English (American),WS,WS,CC-BY,Donna Thal (San Diego State University),"Thal, D. J., Marchman, V. A. & Tomblin, J. B. (2013). Late talking toddlers: Characterization and prediction of continued delay. In L. Rescorla & P. Dale (Eds.). Late Talkers: Language Development, Interventions, and Outcomes. Baltimore, MD: Brookes Publishing.",TRUE,16,30
EnglishAmerican_WG,EnglishAmericanWG_Thal_13_data.csv,Thal,Thal,English (American),WG,WG,CC-BY,Donna Thal (San Diego State University),"Thal, D. J., Marchman, V. A. & Tomblin, J. B. (2013). Late talking toddlers: Characterization and prediction of continued delay. In L. Rescorla & P. Dale (Eds.). Late Talkers: Language Development, Interventions, and Outcomes. Baltimore, MD: Brookes Publishing.",TRUE,8,18
EnglishAmerican_WS,EnglishAmericanWS_Hoff_HDPM_data.csv,Hoff,Hoff_English_Mexican_Bilingual,English (American),WS,WS,CC-BY,Erika Hoff (Florida Atlantic University),"Hoff, E., Core, C., Place, S., Rumiche, R., Señor, M., & Parra, M. (2012). Dual language exposure and early bilingual development. Journal of Child Language, 39(1), 1–27.",TRUE,16,30
SpanishMexican_WS,SpanishMexicanWS_Hoff_HDPM_data.csv,Hoff,Hoff_English_Mexican_Bilingual,Spanish (Mexican),WS,WS,CC-BY,Erika Hoff (Florida Atlantic University),"Hoff, E., Core, C., Place, S., Rumiche, R., Señor, M., & Parra, M. (2012). Dual language exposure and early bilingual development. Journal of Child Language, 39(1), 1–27.",TRUE,16,30
ArabicSaudi_WG,ArabicSaudiWG_Alroqi_data.csv,Alroqi,Alroqi__Arabic (Saudi)_WG,Arabic (Saudi),WG,WG,CC-BY,"Haifa Alroqi (King Abdulaziz University), Alaa Almohammadi (King Abdulaziz University), Khadeejah Alaslani (Purdue University)",,FALSE,8,18
FrenchFrench_WS,FrenchFrenchWS_Tsuji_data.csv,Tsuji,Tsuji__French (French)_WS,French (French),WS,WS,CC-BY,"Sho Tsuji (International Research Center for Neurointelligence, The University of Tokyo)","Babineau, M., de Carvalho, A., Fievet, A., Crimon, C., and Tsuji, S. (unpublished).​",TRUE,16,30
FrenchFrench_WS,FrenchFrenchWS_TsujiLabvanced_data.csv,Tsuji,Tsuji_Labvanced_French (French)_WS,French (French),WS,WS,CC-BY,"Sho Tsuji (International Research Center for Neurointelligence, The University of Tokyo)","Babineau, M., de Carvalho, A., Fievet, A., Crimon, C., and Tsuji, S. (unpublished).​",TRUE,16,30
FrenchFrench_WG,FrenchFrenchWG_Tsuji_data.csv,Tsuji,Tsuji__French (French)_WG,French (French),WG,WG,CC-BY,"Sho Tsuji (International Research Center for Neurointelligence, The University of Tokyo)","Babineau, M., de Carvalho, A., Fievet, A., Crimon, C., and Tsuji, S. (unpublished).​",TRUE,8,16
Estonian_WS,EstonianWS_Urm_data.csv,Urm,Urm__Estonian_WS,Estonian,WS,WS,CC-BY,Ada Urm (University of Tartu),"Tulviste, T. (2007). Variation in vocabulary development among Estonian children as a function of child’s gender, birth order, child-care, and parental education. In M Eriksson (Ed.), Proceedings from the First European Network Meeting on the Communicative Development Inventories (pp. 16–21). Gävle, Sweden: University of Gävle.",TRUE,16,36
Catalan_WS,CatalanWS_Serrat_data.csv,Serrat,Serrat__Catalan_WS,Catalan,WS,WS,CC-BY,Elisabet Serrat Sellabona (Universitat de Girona),"Serrat Sellabona, E. (2022). Inventaris del desenvolupament d'habilitats comunicatives MacArthur-Bates en català : guia d'ús i manual tècnic ",TRUE,16,36
Korean_WS,KoreanWS_Chosun_data.csv,Chosun,Chosun__Korean_WS,Korean,WS,WS,CC-BY-NC,Eon-Suk Ko (Chosun University),"Jung, J., Chai, J., & Ko, E. (2023). The interplay of family socioeconomic status, parental engagement, and maternal employment on vocabulary development in Korean children. DOI: 10.31234/osf.io/depvx",TRUE,18,36
Korean_WGComp,KoreanWGComp_Chosun_data.csv,Chosun,Chosun__Korean_WGComp,Korean,WG Comp,WG,CC-BY-NC,Eon-Suk Ko (Chosun University),"Jung, J., Chai, J., & Ko, E. (2023). The interplay of family socioeconomic status, parental engagement, and maternal employment on vocabulary development in Korean children. DOI: 10.31234/osf.io/depvx",TRUE,8,16
EnglishAmerican_WG,EnglishAmericanWG_ByersHeinlein_data.csv,ByersHeinlein,Byers Heinlein Bilingual,English (American),WG,WG,CC-BY,Krista Byers-Heinlein (Concordia University),"Byers-Heinlein, K., Gonzalez-Barrero, A. M., Schott, E., & Killam, H. (2023). Sometimes larger, sometimes smaller: Measuring vocabulary in monolingual and bilingual infants and toddlers. DOI: 10.31234/osf.io/x7s4u",TRUE,8,18
EnglishAmerican_WS,EnglishAmericanWS_ByersHeinlein_data.csv,ByersHeinlein,Byers Heinlein Bilingual,English (American),WS,WS,CC-BY,Krista Byers-Heinlein (Concordia University),"Byers-Heinlein, K., Gonzalez-Barrero, A. M., Schott, E., & Killam, H. (2023). Sometimes larger, sometimes smaller: Measuring vocabulary in monolingual and bilingual infants and toddlers. DOI: 10.31234/osf.io/x7s4u",TRUE,16,30
FrenchQuebecois_WS,FrenchQuebecoisWS_ByersHeinlein_data.csv,ByersHeinlein,Byers Heinlein Bilingual,French (Quebecois),WS,WS,CC-BY,Krista Byers-Heinlein (Concordia University),"Byers-Heinlein, K., Gonzalez-Barrero, A. M., Schott, E., & Killam, H. (2023). Sometimes larger, sometimes smaller: Measuring vocabulary in monolingual and bilingual infants and toddlers. DOI: 10.31234/osf.io/x7s4u",TRUE,16,30
FrenchQuebecois_WG,FrenchQuebecoisWG_ByersHeinlein_data.csv,ByersHeinlein,Byers Heinlein Bilingual,French (Quebecois),WG,WG,CC-BY,Krista Byers-Heinlein (Concordia University),"Byers-Heinlein, K., Gonzalez-Barrero, A. M., Schott, E., & Killam, H. (2023). Sometimes larger, sometimes smaller: Measuring vocabulary in monolingual and bilingual infants and toddlers. DOI: 10.31234/osf.io/x7s4u",TRUE,8,16
Finnish_WGProd,FinnishWGProd_Stolt_data.csv,Stolt,Stolt_Stolt_Finnish_WGProd,Finnish,WG Prod,WG,CC-BY,Suvi Stolt (University of Helsinki),"Stolt, S. & Vehkavuori, S-M. (2018). Sanaseula: Finnish short form versions of the MacArthur Communicative Development Inventories. Jyväskylä: Niilo Mäki Instituutti.",TRUE,8,16
Finnish_WGProdShort,FinnishWGProdShort_Stolt_data.csv,Stolt,Stolt_Stolt_Finnish_WGProdShort,Finnish,WG Prod Short,WG,CC-BY,Suvi Stolt (University of Helsinki),"Stolt, S. & Vehkavuori, S-M. (2018). Sanaseula: Finnish short form versions of the MacArthur Communicative Development Inventories. Jyväskylä: Niilo Mäki Instituutti.",TRUE,8,16
ArabicSaudi_WS,ArabicSaudiWS_Alroqi_data.csv,Alroqi,Alroqi__Arabic (Saudi)_WS,Arabic (Saudi),WS,WS,CC-BY,"Haifa Alroqi (King Abdulaziz University), Alaa Almohammadi (King Abdulaziz University), Khadeejah Alaslani (Purdue University)",,FALSE,8,36
ArabicSaudi_WS,ArabicSaudiWS_JISH_data.csv,JISH,JISH__Arabic (Saudi)_WS,Arabic (Saudi),WS,WS,CC-BY,Jeddah Institute for Speech and Hearing,"Dashash, N., & Safi, S. (2014). JISH Arabic Communicative Development Inventory: Saudi population (JACDI): User’s guide and technical manual. Jeddah: Jeddah Institute for Speech and Hearing",FALSE,8,36
Catalan_WG,CatalanWG_Serrat_data.csv,Serrat,Serrat__Catalan_WG,Catalan,WG,WG,CC-BY,Elisabet Serrat Sellabona (Universitat de Girona),"Serrat Sellabona, E. (2022). Inventaris del desenvolupament d'habilitats comunicatives MacArthur-Bates en català : guia d'ús i manual tècnic ",TRUE,8,18
EnglishAmerican_WG,EnglishAmericanWG_PoulinDubois_data.csv,Poulin-Dubois,PoulinDubois_English_French_Bilingual,English (American),WG,WG,CC-BY,Diane Poulin-Dubois (Concordia University),"Legacy, J., Zesiger, P., Friend, M., & Poulin-Dubois, D. (2018). Vocabulary size and speed of word recognition in very young French–English bilinguals: A longitudinal study. Bilingualism: Language and Cognition, 21(1), 137–149.",TRUE,8,18
EnglishAmerican_WS,EnglishAmericanWS_PoulinDubois_data.csv,Poulin-Dubois,PoulinDubois_English_French_Bilingual,English (American),WS,WS,CC-BY,Diane Poulin-Dubois (Concordia University),"Legacy, J., Zesiger, P., Friend, M., & Poulin-Dubois, D. (2018). Vocabulary size and speed of word recognition in very young French–English bilinguals: A longitudinal study. Bilingualism: Language and Cognition, 21(1), 137–149.",TRUE,16,30
FrenchQuebecois_WG,FrenchQuebecoisWG_PoulinDubois_data.csv,Poulin-Dubois,PoulinDubois_English_French_Bilingual,French (Quebecois),WG,WG,CC-BY,Diane Poulin-Dubois (Concordia University),"Legacy, J., Zesiger, P., Friend, M., & Poulin-Dubois, D. (2018). Vocabulary size and speed of word recognition in very young French–English bilinguals: A longitudinal study. Bilingualism: Language and Cognition, 21(1), 137–149.",TRUE,8,16
FrenchQuebecois_WS,FrenchQuebecoisWS_PoulinDubois_data.csv,Poulin-Dubois,PoulinDubois_English_French_Bilingual,French (Quebecois),WS,WS,CC-BY,Diane Poulin-Dubois (Concordia University),"Legacy, J., Zesiger, P., Friend, M., & Poulin-Dubois, D. (2018). Vocabulary size and speed of word recognition in very young French–English bilinguals: A longitudinal study. Bilingualism: Language and Cognition, 21(1), 137–149.",TRUE,16,30
Japanese_WG,JapaneseWG_Tsuji_data.csv,Tsuji,Tsuji__Japanese_WG,Japanese,WG,WG,CC-BY,"Sho Tsuji (International Research Center for Neurointelligence, The University of Tokyo)","Hagihara, H., Barbir, M., Ishibashi, M., Kanakogi, Y., Kato, M., Lovcevic, I., Lu, Y., Minagawa, Y., Moriguchi, Y., Sakagami, M., Shinya, Y., Yamamoto, H., & Tsuji, S. (2023). A sharable merged dataset on Japanese children’s vocabulary measures using the Japanese MacArthur–Bates Communicative Development Inventory. DOI: 10.17605/osf.io/s5ydw",TRUE,8,18
Japanese_WS,JapaneseWS_Tsuji_data.csv,Tsuji,Tsuji__Japanese_WS,Japanese,WS,WS,CC-BY,"Sho Tsuji (International Research Center for Neurointelligence, The University of Tokyo)","Hagihara, H., Barbir, M., Ishibashi, M., Kanakogi, Y., Kato, M., Lovcevic, I., Lu, Y., Minagawa, Y., Moriguchi, Y., Sakagami, M., Shinya, Y., Yamamoto, H., & Tsuji, S. (2023). A sharable merged dataset on Japanese children’s vocabulary measures using the Japanese MacArthur–Bates Communicative Development Inventory. DOI: 10.17605/osf.io/s5ydw",TRUE,16,36
Japanese_WS,JapaneseWS_Minagawa_data.csv,Minagawa,Minagawa__Japanese_WS,Japanese,WS,WS,CC-BY,"Sho Tsuji (International Research Center for Neurointelligence, The University of Tokyo)","Hagihara, H., Barbir, M., Ishibashi, M., Kanakogi, Y., Kato, M., Lovcevic, I., Lu, Y., Minagawa, Y., Moriguchi, Y., Sakagami, M., Shinya, Y., Yamamoto, H., & Tsuji, S. (2023). A sharable merged dataset on Japanese children’s vocabulary measures using the Japanese MacArthur–Bates Communicative Development Inventory. DOI: 10.17605/osf.io/s5ydw",TRUE,16,36
Japanese_WS,JapaneseWS_Hagihara_data.csv,Hagihara,Hagihara__Japanese_WS,Japanese,WS,WS,CC-BY,"Sho Tsuji (International Research Center for Neurointelligence, The University of Tokyo)","Hagihara, H., Barbir, M., Ishibashi, M., Kanakogi, Y., Kato, M., Lovcevic, I., Lu, Y., Minagawa, Y., Moriguchi, Y., Sakagami, M., Shinya, Y., Yamamoto, H., & Tsuji, S. (2023). A sharable merged dataset on Japanese children’s vocabulary measures using the Japanese MacArthur–Bates Communicative Development Inventory. DOI: 10.17605/osf.io/s5ydw",TRUE,16,36
Polish_WG,PolishWG_Norming_data.csv,Polish_Norming,Polish_Norming,Polish,WG,WG,CC-BY,Grzegorz Krajewski (University of Warsaw),"Smoczyńska, M., Krajewski, G., Łuniewska, M., Haman, E., Bulkowski, K., & Kochańska, M. (2015). Inwentarze rozwoju mowy i komunikacji (IRMIK) słowa i gesty, słowa i zdania: Podręcznik [Inventories of speech and communication development (IRMIK) words and gestures, words and sentences: A manual]. Instytut Badań Edukacyjnych.",FALSE,8,18
Polish_WS,PolishWS_Norming_data.csv,Polish_Norming,Polish_Norming,Polish,WS,WS,CC-BY,Grzegorz Krajewski (University of Warsaw),"Smoczyńska, M., Krajewski, G., Łuniewska, M., Haman, E., Bulkowski, K., & Kochańska, M. (2015). Inwentarze rozwoju mowy i komunikacji (IRMIK) słowa i gesty, słowa i zdania: Podręcznik [Inventories of speech and communication development (IRMIK) words and gestures, words and sentences: A manual]. Instytut Badań Edukacyjnych.",FALSE,16,36
Faroese_WG,FaroeseWG_Rasmussen_data.csv,Rasmussen,Faroese_Rasmussen,Faroese,WG,WG,CC-BY,Sissal Rasmussen (University of the Faroe Islands),"Rasmussen, S. M. and Bleses, D. (2018). Faroese children’s early vocabulary acquisition: A Faroese adaptation of the MacArthur–Bates Communicative Development Inventories. First Language, 38(6), 641–668.",FALSE,8,18
Faroese_WS,FaroeseWS_Rasmussen_data.csv,Rasmussen,Faroese_Rasmussen,Faroese,WS,WS,CC-BY,Sissal Rasmussen (University of the Faroe Islands),"Rasmussen, S. M. and Bleses, D. (2018). Faroese children’s early vocabulary acquisition: A Faroese adaptation of the MacArthur–Bates Communicative Development Inventories. First Language, 38(6), 641–668.",FALSE,16,36
EnglishBritish_Oxford,EnglishBritishOxford_Siow_data.csv,Siow,Siow,English (British),Oxford CDI,WG,CC-BY,Serene Siow (Sunway University),"Siow, S., Gillen, N. A., Lepădatu, I., & Plunkett, K. (2023). Double it up: Vocabulary size comparisons between UK bilingual and monolingual toddlers. Infancy, 28(6), 1030–1051. DOI: 10.1111/infa.12562",TRUE,12,36
Dutch_Oxford,DutchOxford_Siow_data.csv,Siow,Siow,Dutch,Oxford CDI,WG,CC-BY,Serene Siow (Sunway University),"Siow, S., Gillen, N. A., Lepădatu, I., & Plunkett, K. (2023). Double it up: Vocabulary size comparisons between UK bilingual and monolingual toddlers. Infancy, 28(6), 1030–1051. DOI: 10.1111/infa.12562",TRUE,12,36
FrenchFrench_Oxford,FrenchFrenchOxford_Siow_data.csv,Siow,Siow,French (French),Oxford CDI,WG,CC-BY,Serene Siow (Sunway University),"Siow, S., Gillen, N. A., Lepădatu, I., & Plunkett, K. (2023). Double it up: Vocabulary size comparisons between UK bilingual and monolingual toddlers. Infancy, 28(6), 1030–1051. DOI: 10.1111/infa.12562",TRUE,12,36
GermanGerman_Oxford,GermanGermanOxford_Siow_data.csv,Siow,Siow,German (German),Oxford CDI,WG,CC-BY,Serene Siow (Sunway University),"Siow, S., Gillen, N. A., Lepădatu, I., & Plunkett, K. (2023). Double it up: Vocabulary size comparisons between UK bilingual and monolingual toddlers. Infancy, 28(6), 1030–1051. DOI: 10.1111/infa.12562",TRUE,12,36
Italian_Oxford,ItalianOxford_Siow_data.csv,Siow,Siow,Italian,Oxford CDI,WG,CC-BY,Serene Siow (Sunway University),"Siow, S., Gillen, N. A., Lepădatu, I., & Plunkett, K. (2023). Double it up: Vocabulary size comparisons between UK bilingual and monolingual toddlers. Infancy, 28(6), 1030–1051. DOI: 10.1111/infa.12562",TRUE,12,36
Polish_Oxford,PolishOxford_Siow_data.csv,Siow,Siow,Polish,Oxford CDI,WG,CC-BY,Serene Siow (Sunway University),"Siow, S., Gillen, N. A., Lepădatu, I., & Plunkett, K. (2023). Double it up: Vocabulary size comparisons between UK bilingual and monolingual toddlers. Infancy, 28(6), 1030–1051. DOI: 10.1111/infa.12562",TRUE,12,36
PortugueseEuropean_Oxford,PortugueseEuropeanOxford_Siow_data.csv,Siow,Siow,Portuguese (European),Oxford CDI,WG,CC-BY,Serene Siow (Sunway University),"Siow, S., Gillen, N. A., Lepădatu, I., & Plunkett, K. (2023). Double it up: Vocabulary size comparisons between UK bilingual and monolingual toddlers. Infancy, 28(6), 1030–1051. DOI: 10.1111/infa.12562",TRUE,12,36
SpanishEuropean_Oxford,SpanishEuropeanOxford_Siow_data.csv,Siow,Siow,Spanish (European),Oxford CDI,WG,CC-BY,Serene Siow (Sunway University),"Siow, S., Gillen, N. A., Lepădatu, I., & Plunkett, K. (2023). Double it up: Vocabulary size comparisons between UK bilingual and monolingual toddlers. Infancy, 28(6), 1030–1051. DOI: 10.1111/infa.12562",TRUE,12,36
EnglishMalaysian_WS,EnglishMalaysianWS_Chai_data.csv,Chai,Chai,English (Malaysian),WS,WS,CC-BY,Jun Ho Chai (Sunway University),"Chai, J. H., Low, H. M., Wong, T. P., Onnis, L., & Mayor, J. (2021). Extra-linguistic modulation of the English noun-bias: Evidence from Malaysian bilingual infants and toddlers. Journal of Cultural Cognitive Science, 5(1), 49–64.",FALSE,12,36
MalayMalaysian_WS,MalayMalaysianWS_Chai_data.csv,Chai,Chai,Malay (Malaysian),WS,WS,CC-BY,Jun Ho Chai (Sunway University),"Chai, J. H., Low, H. M., Wong, T. P., Onnis, L., & Mayor, J. (2021). Extra-linguistic modulation of the English noun-bias: Evidence from Malaysian bilingual infants and toddlers. Journal of Cultural Cognitive Science, 5(1), 49–64.",FALSE,12,36
MandarinMalaysian_WS,MandarinMalaysianWS_Chai_data.csv,Chai,Chai,Mandarin (Malaysian),WS,WS,CC-BY,Jun Ho Chai (Sunway University),"Chai, J. H., Low, H. M., Wong, T. P., Onnis, L., & Mayor, J. (2021). Extra-linguistic modulation of the English noun-bias: Evidence from Malaysian bilingual infants and toddlers. Journal of Cultural Cognitive Science, 5(1), 49–64.",FALSE,12,36
Ronga_WG,RongaWG_CASAMILA_data.csv,CASAMILA,CASAMILA,Ronga,WG,WG,CC-BY-NC,Suzanne Aussems (University of Warwick),"Vogt, P., Mastin, J. D., Aussems, S. (2015). Early vocabulary development in rural and urban Mozambique. Child Development Research, 189195. DOI: 10.1155/2015/189195",FALSE,12,24
TsongaChangana_WG,TsongaChanganaWG_CASAMILA_data.csv,CASAMILA,CASAMILA,Tsonga (Changana),WG,WG,CC-BY-NC,Suzanne Aussems (University of Warwick),"Vogt, P., Mastin, J. D., Aussems, S. (2015). Early vocabulary development in rural and urban Mozambique. Child Development Research, 189195. DOI: 10.1155/2015/189195",FALSE,12,24
EnglishBritish_WG,EnglishBritishWG_LancsPremature_data.csv,Alcock,Alcock__EnglishBritish_WG_Premature,English (British),WG,WG,CC-BY,Katie Alcock (Lancaster University),"Jago, L. S., Alcock, K., Meints, K., Pine, J. M., & Rowland, C. F. (2023). Language outcomes from the UK-CDI Project: Can risk factors, vocabulary skills and gesture scores in infancy predict later language disorders or concern for language development? Frontiers in Psychology, 14, 1167810. DOI: 10.3389/fpsyg.2023.1167810",FALSE,8,18
EnglishBritish_WG,EnglishBritishWG_UK-CDI_data.csv,Alcock,Alcock__EnglishBritish_WG_Norming,English (British),WG,WG,CC-BY,Katie Alcock (Lancaster University),"Jago, L. S., Alcock, K., Meints, K., Pine, J. M., & Rowland, C. F. (2023). Language outcomes from the UK-CDI Project: Can risk factors, vocabulary skills and gesture scores in infancy predict later language disorders or concern for language development? Frontiers in Psychology, 14, 1167810. DOI: 10.3389/fpsyg.2023.1167810",FALSE,8,18
EnglishBritish_WS,EnglishBritishWS_UK-CDI_data.csv,Alcock,Alcock__EnglishBritish_WS,English (British),WS,WS,CC-BY,Katie Alcock (Lancaster University),"Jago, L. S., Alcock, K., Meints, K., Pine, J. M., & Rowland, C. F. (2023). Language outcomes from the UK-CDI Project: Can risk factors, vocabulary skills and gesture scores in infancy predict later language disorders or concern for language development? Frontiers in Psychology, 14, 1167810. DOI: 10.3389/fpsyg.2023.1167810",FALSE,16,36
Tseltal_VC,TseltalVC_Casillas_data.csv,Casillas,Casillas__Tseltal_VC,Tseltal,VC,WS,CC-BY-NC,Marisa Casillas (University of Chicago),"Casillas, M., Foushee, R., Gómez Pérez, H., Méndez Girón, J., Casey, K., Polian, G., & Brown, P. (2025). A vocabulary checklist for early lexical development in Tseltal. Language Development Research, 5(3), 245–275. DOI: 10.34842/ldr2025-862",TRUE,9,24
FrenchFrench_WG,FrenchFrenchWG_Nazzi_data.csv,Nazzi,Nazzi__French,French (French),WG,WG,CC-BY,Thierry Nazzi (Université Paris Cité),"Hoareau, M., Yeung, H. H., & Nazzi, T. (2019). Infants’ statistical word segmentation in an artificial language is linked to both parental speech input and reported production abilities. Developmental Science, e12803. DOI: 10.1111/desc.12803",TRUE,8,16
FrenchFrench_WS,FrenchFrenchWS_Nazzi_data.csv,Nazzi,Nazzi__French,French (French),WS,WS,CC-BY,Thierry Nazzi (Université Paris Cité),"Nazzi, T. (2005). Use of phonetic specificity during the acquisition of new words: differences between consonants and vowels. Cognition, 98, 13–30. DOI: 10.1016/j.cognition.2004.10.005; Nazzi, T. & New, B. (2007). Beyond stop consonants: consonantal specificity in early lexical acquisition. Cognitive Development, 22, 271–279. DOI: 10.1016/j.cogdev.2006.10.007; Nazzi, T. & Bertoncini, J. (2009). Phonetic specificity in early lexical acquisition: New evidence from consonants in coda positions. Language and Speech, 52, 463–480. DOI: 10.1177/0023830909336584",TRUE,16,30
FrenchFrench_WSExtended,FrenchFrenchWSExtended_Nazzi_data.csv,Nazzi,Nazzi__French,French (French),WS Extended,WG,CC-BY,Thierry Nazzi (Université Paris Cité),"Hoareau, M., Yeung, H. H., & Nazzi, T. (2019). Infants’ statistical word segmentation in an artificial language is linked to both parental speech input and reported production abilities. Developmental Science, e12803. DOI: 10.1111/desc.12803",TRUE,18,36
FrenchFrench_WSExtended,FrenchFrenchWSExtended_Nazzi_CoToVo_data.csv,Nazzi,Nazzi__French,French (French),WS Extended,WS,CC-BY,Thierry Nazzi (Université Paris Cité),"Piot, L., Chen, H., Picaud, A., Dos Santos, M., Granjon, L., Luo, Z., To, W. H. A., Lai, R. Y., Cheung, H., & Nazzi, T. (2024). Tonal interference in word learning? A comparison of Cantonese and French. Journal of Experimental Child Psychology, 242, 105883. DOI: 10.1016/j.jecp.2024.105883",FALSE,18,36
FrenchFrench_WSExtended,FrenchFrenchWSExtended_Nazzi_Interference_data.csv,Nazzi,Nazzi__French,French (French),WS Extended,WS,CC-BY,Thierry Nazzi (Université Paris Cité),"Piot, L., Chen, H., Picaud, A., Dos Santos, M., Granjon, L., Luo, Z., To, W. H. A., Lai, R. Y., Cheung, H., & Nazzi, T. (2024). Tonal interference in word learning? A comparison of Cantonese and French. Journal of Experimental Child Psychology, 242, 105883. DOI: 10.1016/j.jecp.2024.105883",FALSE,18,36
EnglishAmerican_WG,EnglishAmericanWG_Marchman_TL2_data.csv,Marchman,Marchman_TL2,English (American),WG,WG,CC-BY,Virginia Marchman (Stanford University),"Fernald, A. & Marchman, V. A. (2012). Individual differences in lexical processing at 18 months predict vocabulary growth in typically developing and late-talking toddlers. Child Development, 83(1), 203–222. DOI: 10.1111/j.1467-8624.2011.01692.x",FALSE,8,18
EnglishAmerican_WS,EnglishAmericanWS_Marchman_TL2_data.csv,Marchman,Marchman_TL2,English (American),WS,WS,CC-BY,Virginia Marchman (Stanford University),"Fernald, A. & Marchman, V. A. (2012). Individual differences in lexical processing at 18 months predict vocabulary growth in typically developing and late-talking toddlers. Child Development, 83(1), 203–222. DOI: 10.1111/j.1467-8624.2011.01692.x",FALSE,16,30
EnglishAmerican_WG,EnglishAmericanWG_Marchman_TL3_data.csv,Marchman,Marchman_TL3,English (American),WG,WG,CC-BY,Virginia Marchman (Stanford University),"Adams, K. A., Marchman, V. A., Loi, E. C., Ashland, M. D., Fernald, A., & Feldman, H. M. (2018). Caregiver talk and medical risk as predictors of language outcomes in full term and preterm toddlers. Child Development, 89(5), 1674–1690. DOI: 10.1111/cdev.12818",FALSE,8,18
EnglishAmerican_WS,EnglishAmericanWS_Marchman_TL3_data.csv,Marchman,Marchman_TL3,English (American),WS,WS,CC-BY,Virginia Marchman (Stanford University),"Adams, K. A., Marchman, V. A., Loi, E. C., Ashland, M. D., Fernald, A., & Feldman, H. M. (2018). Caregiver talk and medical risk as predictors of language outcomes in full term and preterm toddlers. Child Development, 89(5), 1674–1690. DOI: 10.1111/cdev.12818",FALSE,16,30
EnglishAmerican_WG,EnglishAmericanWG_Elison_data.csv,Elison,Elison,English (American),WG,WG,CC-BY,Jed Elison (University of Minnesota),"Sifre, R., Lasch, C., Fenoglio, A., Georgieff, M. K., Wolff, J. J., & Elison, J. T. (2018). Restricted, repetitive, and reciprocal social behavior in toddlers born small for gestation duration. The Journal of Pediatrics, 200: 118–124. DOI: 10.1016/j.jpeds.2018.05.003",FALSE,8,18
FrenchFrench_WG,FrenchFrenchWG_Dimitrova_LS_data.csv,Dimitrova,Dimitrova_French_LS,French (French),WG,WG,CC-BY,"Nevena Dimitrova (Faculty of Social Work, University of Applied Sciences and Arts Western Switzerland)","Dimitrova, N. (2025). Associations between digital media use and language abilities in children under 5 (dataset). DOI: 10.17605/OSF.IO/ATJBV",FALSE,8,16
FrenchFrench_WG,FrenchFrenchWG_Dimitrova_PSU_data.csv,Dimitrova,Dimitrova_French_PSU,French (French),WG,WG,CC-BY,"Nevena Dimitrova (Faculty of Social Work, University of Applied Sciences and Arts Western Switzerland)","Dimitrova, N. (2025). Associations between digital media use and language abilities in children under 5 (dataset). DOI: 10.17605/OSF.IO/ATJBV",FALSE,8,16
FrenchFrench_WS,FrenchFrenchWS_Dimitrova_PSU_data.csv,Dimitrova,Dimitrova_French_PSU,French (French),WS,WS,CC-BY,"Nevena Dimitrova (Faculty of Social Work, University of Applied Sciences and Arts Western Switzerland)","Dimitrova, N. (2025). Associations between digital media use and language abilities in children under 5 (dataset). DOI: 10.17605/OSF.IO/ATJBV",FALSE,17,36
EnglishAmerican_WG,EnglishAmericanWG_Dimitrova_SWIPE_data.csv,Dimitrova,SWIPE,English (American),WG,WG,CC-BY,"Nevena Dimitrova (Faculty of Social Work, University of Applied Sciences and Arts Western Switzerland)","Dimitrova, N. (2025). Associations between digital media use and language abilities in children under 5 (dataset). DOI: 10.17605/OSF.IO/ATJBV",FALSE,8,17
EnglishAmerican_WS,EnglishAmericanWS_Dimitrova_SWIPE_data.csv,Dimitrova,SWIPE,English (American),WS,WS,CC-BY,"Nevena Dimitrova (Faculty of Social Work, University of Applied Sciences and Arts Western Switzerland)","Dimitrova, N. (2025). Associations between digital media use and language abilities in children under 5 (dataset). DOI: 10.17605/OSF.IO/ATJBV",FALSE,18,36
FrenchFrench_WG,FrenchFrenchWG_Dimitrova_SWIPE_data.csv,Dimitrova,SWIPE,French (French),WG,WG,CC-BY,"Nevena Dimitrova (Faculty of Social Work, University of Applied Sciences and Arts Western Switzerland)","Dimitrova, N. (2025). Associations between digital media use and language abilities in children under 5 (dataset). DOI: 10.17605/OSF.IO/ATJBV",FALSE,8,16
FrenchFrench_WS,FrenchFrenchWS_Dimitrova_SWIPE_data.csv,Dimitrova,SWIPE,French (French),WS,WS,CC-BY,"Nevena Dimitrova (Faculty of Social Work, University of Applied Sciences and Arts Western Switzerland)","Dimitrova, N. (2025). Associations between digital media use and language abilities in children under 5 (dataset). DOI: 10.17605/OSF.IO/ATJBV",FALSE,17,36
GermanGerman_WS,GermanGermanWS_Dimitrova_SWIPE_data.csv,Dimitrova,SWIPE,German (German),WS,WS,CC-BY,"Nevena Dimitrova (Faculty of Social Work, University of Applied Sciences and Arts Western Switzerland)","Dimitrova, N. (2025). Associations between digital media use and language abilities in children under 5 (dataset). DOI: 10.17605/OSF.IO/ATJBV",FALSE,18,36
Italian_WG,ItalianWG_Dimitrova_SWIPE_data.csv,Dimitrova,SWIPE,Italian,WG,WG,CC-BY,"Nevena Dimitrova (Faculty of Social Work, University of Applied Sciences and Arts Western Switzerland)","Dimitrova, N. (2025). Associations between digital media use and language abilities in children under 5 (dataset). DOI: 10.17605/OSF.IO/ATJBV",FALSE,8,16
Italian_WS,ItalianWS_Dimitrova_SWIPE_data.csv,Dimitrova,SWIPE,Italian,WS,WS,CC-BY,"Nevena Dimitrova (Faculty of Social Work, University of Applied Sciences and Arts Western Switzerland)","Dimitrova, N. (2025). Associations between digital media use and language abilities in children under 5 (dataset). DOI: 10.17605/OSF.IO/ATJBV",FALSE,17,36