field,column,group,type,
birth_order,,child,birth_order,
,CDIAge,,,
data_age,data_age,admin,data_age,
date_of_test,DOCDI,admin,date_of_test,
ethnicity,,child,ethnicity,
mom_ed,,child,mom_ed,
sex,Gender,child,sex,
study_id,ParticipantId,child,study_id,
norming,norming,admin,norming,
item_1,BAABAA,item,word,baa_baa
item_2,CHOOCHOO,item,word,choo_choo
item_3,COCKDDLD,item,word,cockadoodledoo
item_4,GRR,item,word,grrr
item_5,MEOW,item,word,meow
item_6,MOO,item,word,moo
item_7,OUCH,item,word,ouch
item_8,QUACKQCK,item,word,quack_quack
item_9,UHOH,item,word,uh_oh
item_10,VROOM,item,word,vroom
item_11,WOOFWOOF,item,word,woof_woof
item_12,YUMYUM,item,word,yum_yum
item_13,ALLIGATR,item,word,alligator
item_14,ANIMAL,item,word,animal
item_15,ANT,item,word,ant
item_16,BEAR,item,word,bear
item_17,BEE,item,word,bee
item_18,BIRD,item,word,bird
item_19,BUG,item,word,bug
item_20,BUNNY,item,word,bunny
item_21,BUTTRFLY,item,word,butterfly
item_22,CAT,item,word,cat
item_23,CHICKEN1,item,word,chicken.animal
item_24,COW,item,word,cow
item_25,DEER,item,word,deer
item_26,DOG,item,word,dog
item_27,DONKEY,item,word,donkey
item_28,DUCK,item,word,duck
item_29,ELEPHANT,item,word,elephant
item_30,FISH1,item,word,fish.animal
item_31,FROG,item,word,frog
item_32,GIRAFFE,item,word,giraffe
item_33,GOOSE,item,word,goose
item_34,HEN,item,word,hen
item_35,HORSE,item,word,horse
item_36,KITTY,item,word,kitty
item_37,LAMB,item,word,lamb
item_38,LION,item,word,lion
item_39,MONKEY,item,word,monkey
item_40,MOOSE,item,word,moose
item_41,MOUSE,item,word,mouse
item_42,OWL,item,word,owl
item_43,PENGUIN,item,word,penguin
item_44,PIG,item,word,pig
item_45,PONY,item,word,pony
item_46,PUPPY,item,word,puppy
item_47,ROOSTER,item,word,rooster
item_48,SHEEP,item,word,sheep
item_49,SQUIRREL,item,word,squirrel
item_50,TEDDYBER,item,word,teddybear
item_51,TIGER,item,word,tiger
item_52,TURKEY,item,word,turkey
item_53,TURTLE,item,word,turtle
item_54,WOLF,item,word,wolf
item_55,ZEBRA,item,word,zebra
item_56,AIRPLANE,item,word,airplane
item_57,BICYCLE,item,word,bicycle
item_58,BOAT,item,word,boat
item_59,BUS,item,word,bus
item_60,CAR,item,word,car
item_61,FIRETRCK,item,word,firetruck
item_62,HELICPTR,item,word,helicopter
item_63,MOTRCYCL,item,word,motorcycle
item_64,SLED,item,word,sled
item_65,STROLLER,item,word,stroller
item_66,TRACTOR,item,word,tractor
item_67,TRAIN,item,word,train
item_68,TRICYCLE,item,word,tricycle
item_69,TRUCK,item,word,truck
item_70,BALL,item,word,ball
item_71,BALLOON,item,word,balloon
item_72,BAT,item,word,bat
item_73,BLOCK,item,word,block
item_74,BOOK,item,word,book
item_75,BUBBLES,item,word,bubbles
item_76,CHALK,item,word,chalk
item_77,CRAYON,item,word,crayon
item_78,DOLL,item,word,doll
item_79,GAME,item,word,game
item_80,GLUE,item,word,glue
item_81,PEN,item,word,pen
item_82,PENCIL,item,word,pencil
item_83,PLAYDOGH,item,word,play_dough
item_84,PRESENT,item,word,present
item_85,PUZZLE,item,word,puzzle
item_86,STORY,item,word,story
item_87,TOY,item,word,toy
item_88,APPLE,item,word,apple
item_89,APPLESAC,item,word,applesauce
item_90,BANANA,item,word,banana
item_91,BEANS,item,word,beans
item_92,BREAD,item,word,bread
item_93,BUTTER,item,word,butter
item_94,CAKE,item,word,cake
item_95,CANDY,item,word,candy
item_96,CARROTS,item,word,carrots
item_97,CEREAL,item,word,cereal
item_98,CHEERIOS,item,word,cheerios
item_99,CHEESE,item,word,cheese
item_100,CHICKEN2,item,word,chicken.food
item_101,CHOCOLAT,item,word,chocolate
item_102,COFFEE,item,word,coffee
item_103,COKE,item,word,coke
item_104,COOKIE,item,word,cookie
item_105,CORN,item,word,corn
item_106,CRACKER,item,word,cracker
item_107,DONUT,item,word,donut
item_108,DRINK1,item,word,drink.beverage
item_109,EGG,item,word,egg
item_110,FISH2,item,word,fish.food
item_111,FOOD,item,word,food
item_112,FRNCHFRS,item,word,french_fries
item_113,GRAPES,item,word,grapes
item_114,GREENBNS,item,word,green_beans
item_115,GUM,item,word,gum
item_116,HAMBURGR,item,word,hamburger
item_117,ICE,item,word,ice
item_118,ICECREAM,item,word,ice_cream
item_119,JELLO,item,word,jello
item_120,JELLY,item,word,jelly
item_121,JUICE,item,word,juice
item_122,LOLLIPOP,item,word,lollipop
item_123,MEAT,item,word,meat
item_124,MELON,item,word,melon
item_125,MILK,item,word,milk
item_126,MUFFIN,item,word,muffin
item_127,NOODLES,item,word,noodles
item_128,NUTS,item,word,nuts
item_129,ORANGE1,item,word,orange.food
item_130,PANCAKE,item,word,pancake
item_131,PEAS,item,word,peas
item_132,PENTBTTR,item,word,peanut_butter
item_133,PICKLE,item,word,pickle
item_134,PIZZA,item,word,pizza
item_135,POPCORN,item,word,popcorn
item_136,POPSICLE,item,word,popsicle
item_137,POTATCHP,item,word,potato_chip
item_138,POTATO,item,word,potato
item_139,PRETZEL,item,word,pretzel
item_140,PUDDING,item,word,pudding
item_141,PUMPKIN,item,word,pumpkin
item_142,RAISIN,item,word,raisin
item_143,SALT,item,word,salt
item_144,SANDWICH,item,word,sandwich
item_145,SAUCE,item,word,sauce
item_146,SODA,item,word,soda
item_147,SOUP,item,word,soup
item_148,SPAGHETT,item,word,spaghetti
item_149,STRWBRRY,item,word,strawberry
item_150,TOAST,item,word,toast
item_151,TUNA,item,word,tuna
item_152,VANILLA,item,word,vanilla
item_153,VITAMINS,item,word,vitamins
item_154,WATER1,item,word,water.beverage
item_155,YOGURT,item,word,yogurt
item_156,BEADS,item,word,beads
item_157,BELT,item,word,belt
item_158,BIB,item,word,bib
item_159,BOOTS,item,word,boots
item_160,BUTTON,item,word,button
item_161,COAT,item,word,coat
item_162,DIAPER,item,word,diaper
item_163,DRESS,item,word,dress
item_164,GLOVES,item,word,gloves
item_165,HAT,item,word,hat
item_166,JACKET,item,word,jacket
item_167,JEANS,item,word,jeans
item_168,MITTENS,item,word,mittens
item_169,NECKLACE,item,word,necklace
item_170,PAJAMAS,item,word,pajamas
item_171,PANTS,item,word,pants
item_172,SCARF,item,word,scarf
item_173,SHIRT,item,word,shirt
item_174,SHOE,item,word,shoe
item_175,SHORTS,item,word,shorts
item_176,SLIPPER,item,word,slipper
item_177,SNEAKER,item,word,sneaker
item_178,SNOWSUIT,item,word,snowsuit
item_179,SOCK,item,word,sock
item_180,SWEATER,item,word,sweater
item_181,TIGHTS,item,word,tights
item_182,UNDRPNTS,item,word,underpants
item_183,ZIPPER,item,word,zipper
item_184,ANKLE,item,word,ankle
item_185,ARM,item,word,arm
item_186,BLLYBTTN,item,word,belly_button
item_187,BUTTOCKS,item,word,buttocks
item_188,CHEEK,item,word,cheek
item_189,CHIN,item,word,chin
item_190,EAR,item,word,ear
item_191,EYE,item,word,eye
item_192,FACE,item,word,face
item_193,FINGER,item,word,finger
item_194,FOOT,item,word,foot
item_195,HAIR,item,word,hair
item_196,HAND,item,word,hand
item_197,HEAD,item,word,head
item_198,KNEE,item,word,knee
item_199,LEG,item,word,leg
item_200,LIPS,item,word,lips
item_201,MOUTH,item,word,mouth
item_202,NOSE,item,word,nose
item_203,OWIE,item,word,owie
item_204,PENIS,item,word,penis
item_205,SHOULDER,item,word,shoulder
item_206,TOE,item,word,toe
item_207,TONGUE,item,word,tongue
item_208,TOOTH,item,word,tooth
item_209,TUMMY,item,word,tummy
item_210,VAGINA,item,word,vagina
item_211,BASKET,item,word,basket
item_212,BLANKET,item,word,blanket
item_213,BOTTLE,item,word,bottle
item_214,BOWL,item,word,bowl
item_215,BOX,item,word,box
item_216,BROOM,item,word,broom
item_217,BRUSH,item,word,brush
item_218,BUCKET,item,word,bucket
item_219,CAMERA,item,word,camera
item_220,CAN1,item,word,can.object
item_221,CLOCK,item,word,clock
item_222,COMB,item,word,comb
item_223,CUP,item,word,cup
item_224,DISH,item,word,dish
item_225,FORK,item,word,fork
item_226,GARBAGE,item,word,garbage
item_227,GLASS,item,word,glass
item_228,GLASSES,item,word,glasses
item_229,HAMMER,item,word,hammer
item_230,JAR,item,word,jar
item_231,KEYS,item,word,keys
item_232,KNIFE,item,word,knife
item_233,LAMP,item,word,lamp
item_234,LIGHT,item,word,light
item_235,MEDICINE,item,word,medicine
item_236,MONEY,item,word,money
item_237,MOP,item,word,mop
item_238,NAIL,item,word,nail
item_239,NAPKIN,item,word,napkin
item_240,PAPER,item,word,paper
item_241,PENNY,item,word,penny
item_242,PICTURE,item,word,picture
item_243,PILLOW,item,word,pillow
item_244,PLANT,item,word,plant
item_245,PLATE,item,word,plate
item_246,PURSE,item,word,purse
item_247,RADIO,item,word,radio
item_248,SCISSORS,item,word,scissors
item_249,SOAP,item,word,soap
item_250,SPOON,item,word,spoon
item_251,TAPE,item,word,tape
item_252,TELEPHON,item,word,telephone
item_253,TISSUE,item,word,tissue
item_254,TOTHBRSH,item,word,toothbrush
item_255,TOWEL,item,word,towel
item_256,TRASH,item,word,trash
item_257,TRAY,item,word,tray
item_258,VACUUM,item,word,vacuum
item_259,WALKER,item,word,walker
item_260,WATCH1,item,word,watch.object
item_261,BASEMENT,item,word,basement
item_262,BATHROOM,item,word,bathroom
item_263,BATHTUB,item,word,bathtub
item_264,BED,item,word,bed
item_265,BEDROOM,item,word,bedroom
item_266,BENCH,item,word,bench
item_267,CHAIR,item,word,chair
item_268,CLOSET,item,word,closet
item_269,COUCH,item,word,couch
item_270,CRIB,item,word,crib
item_271,DOOR,item,word,door
item_272,DRAWER,item,word,drawer
item_273,DRYER,item,word,dryer
item_274,GARAGE,item,word,garage
item_275,HIGHCHAR,item,word,high_chair
item_276,KITCHEN,item,word,kitchen
item_277,LIVINGRM,item,word,living_room
item_278,OVEN,item,word,oven
item_279,PLAYPEN,item,word,play_pen
item_280,PORCH,item,word,porch
item_281,POTTY,item,word,potty
item_282,RCKNGCHR,item,word,rocking_chair
item_283,REFRGRTR,item,word,refrigerator
item_284,ROOM,item,word,room
item_285,SHOWER,item,word,shower
item_286,SINK,item,word,sink
item_287,SOFA,item,word,sofa
item_288,STAIRS,item,word,stairs
item_289,STOVE,item,word,stove
item_290,TABLE,item,word,table
item_291,TV,item,word,tv
item_292,WINDOW,item,word,window
item_293,WSHNGMCH,item,word,washing_machine
item_294,BACKYARD,item,word,backyard
item_295,CLOUD,item,word,cloud
item_296,FLAG,item,word,flag
item_297,FLOWER,item,word,flower
item_298,GARDEN,item,word,garden
item_299,GRASS,item,word,grass
item_300,HOSE,item,word,hose
item_301,LADDER,item,word,ladder
item_302,LAWNMOWR,item,word,lawn_mower
item_303,MOON,item,word,moon
item_304,POOL,item,word,pool
item_305,RAIN,item,word,rain
item_306,ROCK,item,word,rock
item_307,ROOF,item,word,roof
item_308,SANDBOX,item,word,sandbox
item_309,SHOVEL,item,word,shovel
item_310,SIDEWALK,item,word,sidewalk
item_311,SKY,item,word,sky
item_312,SLIDE1,item,word,slide.object
item_313,SNOW,item,word,snow
item_314,SNOWMAN,item,word,snowman
item_315,SPRINKLR,item,word,sprinkler
item_316,STAR,item,word,star
item_317,STICK,item,word,stick
item_318,STONE,item,word,stone
item_319,STREET,item,word,street
item_320,SUN,item,word,sun
item_321,SWING1,item,word,swing.object
item_322,TREE,item,word,tree
item_323,WATER2,item,word,water.not_beverage
item_324,WIND,item,word,wind
item_325,BEACH,item,word,beach
item_326,CAMPING,item,word,camping
item_327,CHURCH,item,word,church
item_328,CIRCUS,item,word,circus
item_329,COUNTRY,item,word,country
item_330,DOWNTOWN,item,word,downtown
item_331,FARM,item,word,farm
item_332,GASSTATN,item,word,gas_station
item_333,HOME,item,word,home
item_334,HOUSE,item,word,house
item_335,MOVIE,item,word,movie
item_336,OUTSIDE,item,word,outside
item_337,PARK,item,word,park
item_338,PARTY,item,word,party
item_339,PICNIC,item,word,picnic
item_340,PLAYGRND,item,word,playground
item_341,SCHOOL,item,word,school
item_342,STORE,item,word,store
item_343,WOODS,item,word,woods
item_344,WORK1,item,word,work.place
item_345,YARD,item,word,yard
item_346,ZOO,item,word,zoo
item_347,AUNT,item,word,aunt
item_348,BABY,item,word,baby
item_349,BABYSTTR,item,word,babysitter
item_350,NAMESTTR,item,word,babysitter_name
item_351,BOY,item,word,boy
item_352,BROTHER,item,word,brother
item_353,CHILD,item,word,child
item_354,CLOWN,item,word,clown
item_355,COWBOY,item,word,cowboy
item_356,DADDY,item,word,daddy
item_357,DOCTOR,item,word,doctor
item_358,FIREMAN,item,word,fireman
item_359,FRIEND,item,word,friend
item_360,GIRL,item,word,girl
item_361,GRANDMA,item,word,grandma
item_362,GRANDPA,item,word,grandpa
item_363,LADY,item,word,lady
item_364,MAILMAN,item,word,mailman
item_365,MAN,item,word,man
item_366,MOMMY,item,word,mommy
item_367,NURSE,item,word,nurse
item_368,NAMESELF,item,word,child_own_name
item_369,PEOPLE,item,word,people
item_370,PERSON,item,word,person
item_371,NAMEPET,item,word,pet_name
item_372,POLICE,item,word,police
item_373,SISTER,item,word,sister
item_374,TEACHER,item,word,teacher
item_375,UNCLE,item,word,uncle
item_376,BATH,item,word,bath
item_377,BREAKFST,item,word,breakfast
item_378,BYE,item,word,bye
item_379,CALLNPHN,item,word,call
item_380,DINNER,item,word,dinner
item_381,GIVEMEFV,item,word,give_me_five
item_382,GONNAGTY,item,word,gonna_get_you
item_383,GOPOTTY,item,word,go_potty
item_384,HELLO,item,word,hello
item_385,HI,item,word,hi
item_386,LUNCH,item,word,lunch
item_387,NAP,item,word,nap
item_388,NGHTNGHT,item,word,nightnight
item_389,NO,item,word,no
item_390,PATTYCAK,item,word,pattycake
item_391,PEEKABOO,item,word,peekaboo
item_392,PLEASE,item,word,please
item_393,SHH,item,word,shh
item_394,SHOPPING,item,word,shopping
item_395,SNACK,item,word,snack
item_396,SOBIG,item,word,so_big
item_397,THANKYOU,item,word,thank_you
item_398,THSLTTLP,item,word,this_little_piggy
item_399,TURNARND,item,word,turn_around
item_400,YES,item,word,yes
item_401,BITE,item,word,bite
item_402,BLOW,item,word,blow
item_403,BREAK,item,word,break
item_404,BRING,item,word,bring
item_405,BUILD,item,word,build
item_406,BUMP,item,word,bump
item_407,BUY,item,word,buy
item_408,CARRY,item,word,carry
item_409,CATCH,item,word,catch
item_410,CHASE,item,word,chase
item_411,CLAP,item,word,clap
item_412,CLEAN1,item,word,clean.action
item_413,CLIMB,item,word,climb
item_414,CLOSE,item,word,close
item_415,COOK,item,word,cook
item_416,COVER,item,word,cover
item_417,CRY,item,word,cry
item_418,CUT,item,word,cut
item_419,DANCE,item,word,dance
item_420,DRAW,item,word,draw
item_421,DRINK2,item,word,drink.action
item_422,DRIVE,item,word,drive
item_423,DROP,item,word,drop
item_424,DRY1,item,word,dry.action
item_425,DUMP,item,word,dump
item_426,EAT,item,word,eat
item_427,FALL,item,word,fall
item_428,FEED,item,word,feed
item_429,FIND,item,word,find
item_430,FINISH,item,word,finish
item_431,FIT,item,word,fit
item_432,FIX,item,word,fix
item_433,GET,item,word,get
item_434,GIVE,item,word,give
item_435,GO,item,word,go
item_436,HATE,item,word,hate
item_437,HAVE,item,word,have
item_438,HEAR,item,word,hear
item_439,HELP,item,word,help
item_440,HIDE,item,word,hide
item_441,HIT,item,word,hit
item_442,HOLD,item,word,hold
item_443,HUG,item,word,hug
item_444,HURRY,item,word,hurry
item_445,JUMP,item,word,jump
item_446,KICK,item,word,kick
item_447,KISS,item,word,kiss
item_448,KNOCK,item,word,knock
item_449,LICK,item,word,lick
item_450,LIKE,item,word,like
item_451,LISTEN,item,word,listen
item_452,LOOK,item,word,look
item_453,LOVE,item,word,love
item_454,MAKE,item,word,make
item_455,OPEN,item,word,open
item_456,PAINT,item,word,paint
item_457,PICK,item,word,pick
item_458,PLAY,item,word,play
item_459,POUR,item,word,pour
item_460,PRETEND,item,word,pretend
item_461,PULL,item,word,pull
item_462,PUSH,item,word,push
item_463,PUT,item,word,put
item_464,READ,item,word,read
item_465,RIDE,item,word,ride
item_466,RIP,item,word,rip
item_467,RUN,item,word,run
item_468,SAY,item,word,say
item_469,SEE,item,word,see
item_470,SHAKE,item,word,shake
item_471,SHARE,item,word,share
item_472,SHOW,item,word,show
item_473,SING,item,word,sing
item_474,SIT,item,word,sit
item_475,SKATE,item,word,skate
item_476,SLEEP,item,word,sleep
item_477,SLIDE2,item,word,slide.action
item_478,SMILE,item,word,smile
item_479,SPILL,item,word,spill
item_480,SPLASH,item,word,splash
item_481,STAND,item,word,stand
item_482,STAY,item,word,stay
item_483,STOP,item,word,stop
item_484,SWEEP,item,word,sweep
item_485,SWIM,item,word,swim
item_486,SWING2,item,word,swing.action
item_487,TAKE,item,word,take
item_488,TALK,item,word,talk
item_489,TASTE,item,word,taste
item_490,TEAR,item,word,tear
item_491,THINK,item,word,think
item_492,THROW,item,word,throw
item_493,TICKLE,item,word,tickle
item_494,TOUCH,item,word,touch
item_495,WAIT,item,word,wait
item_496,WAKE,item,word,wake
item_497,WALK,item,word,walk
item_498,WASH,item,word,wash
item_499,WATCH2,item,word,watch.action
item_500,WIPE,item,word,wipe
item_501,WISH,item,word,wish
item_502,WORK2,item,word,work.action
item_503,WRITE,item,word,write
item_504,ALLGONE,item,word,allgone
item_505,ASLEEP,item,word,asleep
item_506,AWAKE,item,word,awake
item_507,BAD,item,word,bad
item_508,BETTER,item,word,better
item_509,BIG,item,word,big
item_510,BLACK,item,word,black
item_511,BLUE,item,word,blue
item_512,BROKEN,item,word,broken
item_513,BROWN,item,word,brown
item_514,CAREFUL,item,word,careful
item_515,CLEAN2,item,word,clean.description
item_516,COLD,item,word,cold
item_517,CUTE,item,word,cute
item_518,DARK,item,word,dark
item_519,DIRTY,item,word,dirty
item_520,DRY2,item,word,dry.description
item_521,EMPTY,item,word,empty
item_522,FAST,item,word,fast
item_523,FINE,item,word,fine
item_524,FIRST,item,word,first
item_525,FULL,item,word,full
item_526,GENTLE,item,word,gentle
item_527,GOOD,item,word,good
item_528,GREEN,item,word,green
item_529,HAPPY,item,word,happy
item_530,HARD,item,word,hard
item_531,HEAVY,item,word,heavy
item_532,HIGH,item,word,high
item_533,HOT,item,word,hot
item_534,HUNGRY,item,word,hungry
item_535,HURT,item,word,hurt
item_536,LAST,item,word,last
item_537,LITTLE,item,word,little
item_538,LONG,item,word,long
item_539,LOUD,item,word,loud
item_540,MAD,item,word,mad
item_541,NAUGHTY,item,word,naughty
item_542,NEW,item,word,new
item_543,NICE,item,word,nice
item_544,NOISY,item,word,noisy
item_545,OLD,item,word,old
item_546,ORANGE2,item,word,orange.description
item_547,POOR,item,word,poor
item_548,PRETTY,item,word,pretty
item_549,QUIET,item,word,quiet
item_550,RED,item,word,red
item_551,SAD,item,word,sad
item_552,SCARED,item,word,scared
item_553,SICK,item,word,sick
item_554,SLEEPY,item,word,sleepy
item_555,SLOW,item,word,slow
item_556,SOFT,item,word,soft
item_557,STICKY,item,word,sticky
item_558,STUCK,item,word,stuck
item_559,THIRSTY,item,word,thirsty
item_560,TINY,item,word,tiny
item_561,TIRED,item,word,tired
item_562,WET,item,word,wet
item_563,WHITE,item,word,white
item_564,WINDY,item,word,windy
item_565,YELLOW,item,word,yellow
item_566,YUCKY,item,word,yucky
item_567,AFTER,item,word,after
item_568,BEFORE,item,word,before
item_569,DAY,item,word,day
item_570,LATER,item,word,later
item_571,MORNING,item,word,morning
item_572,NIGHT,item,word,night
item_573,NOW,item,word,now
item_574,TIME,item,word,time
item_575,TODAY,item,word,today
item_576,TOMORROW,item,word,tomorrow
item_577,TONIGHT,item,word,tonight
item_578,YESTERDY,item,word,yesterday
item_579,HE,item,word,he
item_580,HER,item,word,her
item_581,HERS,item,word,hers
item_582,HIM,item,word,him
item_583,HIS,item,word,his
item_584,I,item,word,i
item_585,IT,item,word,it
item_586,ME,item,word,me
item_587,MINE,item,word,mine
item_588,MY,item,word,my
item_589,MYSELF,item,word,myself
item_590,OUR,item,word,our
item_591,SHE,item,word,she
item_592,THAT,item,word,that
item_593,THEIR,item,word,their
item_594,THEM,item,word,them
item_595,THESE,item,word,these
item_596,THEY,item,word,they
item_597,THIS,item,word,this
item_598,THOSE,item,word,those
item_599,US,item,word,us
item_600,WE,item,word,we
item_601,YOU,item,word,you
item_602,YOUR,item,word,your
item_603,YOURSELF,item,word,yourself
item_604,HOW,item,word,how
item_605,WHAT,item,word,what
item_606,WHEN,item,word,when
item_607,WHERE,item,word,where
item_608,WHICH,item,word,which
item_609,WHO,item,word,who
item_610,WHY,item,word,why
item_611,ABOUT,item,word,about
item_612,ABOVE,item,word,above
item_613,AROUND,item,word,around
item_614,AT,item,word,at
item_615,AWAY,item,word,away
item_616,BACK,item,word,back
item_617,BEHIND,item,word,behind
item_618,BESIDE,item,word,beside
item_619,BY,item,word,by
item_620,DOWN,item,word,down
item_621,FOR,item,word,for
item_622,HERE,item,word,here
item_623,INSIDE,item,word,inside
item_624,INTO,item,word,into
item_625,NEXTTO,item,word,next_to
item_626,OF,item,word,of
item_627,OFF,item,word,off
item_628,ON,item,word,on
item_629,ONTOPOF,item,word,on_top_of
item_630,OUT,item,word,out
item_631,OVER,item,word,over
item_632,THERE,item,word,there
item_633,TO,item,word,to
item_634,UNDER,item,word,under
item_635,UP,item,word,up
item_636,WITH,item,word,with
item_637,A,item,word,a
item_638,ALL,item,word,all
item_639,ALOT,item,word,a_lot
item_640,AN,item,word,an
item_641,ANOTHER,item,word,another
item_642,ANY,item,word,any
item_643,EACH,item,word,each
item_644,EVERY,item,word,every
item_645,MORE,item,word,more
item_646,MUCH,item,word,much
item_647,NONE,item,word,none
item_648,NOT,item,word,not
item_649,OTHER,item,word,other
item_650,SAME,item,word,same
item_651,SOME,item,word,some
item_652,THE,item,word,the
item_653,TOO,item,word,too
item_654,AM,item,word,am
item_655,ARE,item,word,are
item_656,BE,item,word,be
item_657,CAN2,item,word,can.auxiliary
item_658,COULD,item,word,could
item_659,DID,item,word,did
item_660,DO,item,word,do
item_661,DOES,item,word,does
item_662,DONT,item,word,dont
item_663,GONNA,item,word,gonna
item_664,GOTTA,item,word,gotta
item_665,HAFTA,item,word,hafta
item_666,IS,item,word,is
item_667,LEMME,item,word,lemme
item_668,NEED,item,word,need
item_669,TRY,item,word,try
item_670,WANNA,item,word,wanna
item_671,WAS,item,word,was
item_672,WERE,item,word,were
item_673,WILL,item,word,will
item_674,WOULD,item,word,would
item_675,AND,item,word,and
item_676,BECAUSE,item,word,because
item_677,BUT,item,word,but
item_678,IF,item,word,if
item_679,SO,item,word,so
item_680,THEN,item,word,then
item_681,USEPAST,item,how_use_words,usepast
item_682,USEFUT,item,how_use_words,usefuture
item_683,USEMISS,item,how_use_words,miss_produce
item_684,USECMPL,item,how_use_words,miss_comp
item_685,USEPOSS,item,how_use_words,usepossessive
item_686,SPLURAL,item,word_endings,splural
item_687,SPOSSESS,item,word_endings,spossess
item_688,ING,item,word_endings,ing
item_689,ED,item,word_endings,ed
item_690,CHILDREN,item,word_forms_nouns,children
item_691,FEET,item,word_forms_nouns,feet
item_692,MEN,item,word_forms_nouns,men
item_693,MICE,item,word_forms_nouns,mice
item_694,TEETH,item,word_forms_nouns,teeth
item_695,ATE,item,word_forms_verbs,ate
item_696,BLEW,item,word_forms_verbs,blew
item_697,BOUGHT,item,word_forms_verbs,bought
item_698,BROKE,item,word_forms_verbs,broke
item_699,CAME,item,word_forms_verbs,came
item_700,DRANK,item,word_forms_verbs,drank
item_701,DROVE,item,word_forms_verbs,drove
item_702,FELL,item,word_forms_verbs,fell
item_703,FLEW,item,word_forms_verbs,flew
item_704,GOT,item,word_forms_verbs,got
item_705,HAD,item,word_forms_verbs,had
item_706,HEARD,item,word_forms_verbs,heard
item_707,HELD,item,word_forms_verbs,held
item_708,LOST,item,word_forms_verbs,lost
item_709,MADE,item,word_forms_verbs,made
item_710,RAN,item,word_forms_verbs,ran
item_711,SAT,item,word_forms_verbs,sat
item_712,SAW,item,word_forms_verbs,saw
item_713,TOOK,item,word_forms_verbs,took
item_714,WENT,item,word_forms_verbs,went
item_715,BLOCKSES,item,word_endings_nouns,blockses
item_716,CHILDRNS,item,word_endings_nouns,childrns
item_717,CHILDS,item,word_endings_nouns,childs
item_718,FEETS,item,word_endings_nouns,feets
item_719,FOOTS,item,word_endings_nouns,foots
item_720,MANS,item,word_endings_nouns,mans
item_721,MENS,item,word_endings_nouns,mens
item_722,MICES,item,word_endings_nouns,mices
item_723,MOUSES,item,word_endings_nouns,mouses
item_724,SHOESES,item,word_endings_nouns,shoeses
item_725,SOCKSES,item,word_endings_nouns,sockses
item_726,TEETHS,item,word_endings_nouns,teeths
item_727,TOESES,item,word_endings_nouns,toeses
item_728,TOOTHS,item,word_endings_nouns,tooths
item_729,ATED,item,word_endings_verbs,ated
item_730,BLEWED,item,word_endings_verbs,blewed
item_731,BLOWED,item,word_endings_verbs,blowed
item_732,BRINGED,item,word_endings_verbs,bringed
item_733,BUYED,item,word_endings_verbs,buyed
item_734,BREAKED,item,word_endings_verbs,breaked
item_735,BROKED,item,word_endings_verbs,broked
item_736,CAMED,item,word_endings_verbs,camed
item_737,COMED,item,word_endings_verbs,comed
item_738,DOED,item,word_endings_verbs,doed
item_739,DRANKED,item,word_endings_verbs,dranked
item_740,DRINKED,item,word_endings_verbs,drinked
item_741,EATED,item,word_endings_verbs,eated
item_742,FALLED,item,word_endings_verbs,falled
item_743,FLIED,item,word_endings_verbs,flied
item_744,GETTED,item,word_endings_verbs,getted
item_745,GOED,item,word_endings_verbs,goed
item_746,GOTTED,item,word_endings_verbs,gotted
item_747,HAVED,item,word_endings_verbs,haved
item_748,HEARED,item,word_endings_verbs,heared
item_749,HOLDED,item,word_endings_verbs,holded
item_750,LOSED,item,word_endings_verbs,losed
item_751,LOSTED,item,word_endings_verbs,losted
item_752,MAKED,item,word_endings_verbs,maked
item_753,RANNED,item,word_endings_verbs,ranned
item_754,RUNNED,item,word_endings_verbs,runned
item_755,SEED,item,word_endings_verbs,seed
item_756,SATTED,item,word_endings_verbs,satted
item_757,SITTED,item,word_endings_verbs,sitted
item_758,TAKED,item,word_endings_verbs,taked
item_759,WENTED,item,word_endings_verbs,wented
item_760,COMBINE,item,combine,combine
item_761,COMPLX01,item,complexity,complx01
item_762,COMPLX02,item,complexity,complx02
item_763,COMPLX03,item,complexity,complx03
item_764,COMPLX04,item,complexity,complx04
item_765,COMPLX05,item,complexity,complx05
item_766,COMPLX06,item,complexity,complx06
item_767,COMPLX07,item,complexity,complx07
item_768,COMPLX08,item,complexity,complx08
item_769,COMPLX09,item,complexity,complx09
item_770,COMPLX10,item,complexity,complx10
item_771,COMPLX11,item,complexity,complx11
item_772,COMPLX12,item,complexity,complx12
item_773,COMPLX13,item,complexity,complx13
item_774,COMPLX14,item,complexity,complx14
item_775,COMPLX15,item,complexity,complx15
item_776,COMPLX16,item,complexity,complx16
item_777,COMPLX17,item,complexity,complx17
item_778,COMPLX18,item,complexity,complx18
item_779,COMPLX19,item,complexity,complx19
item_780,COMPLX20,item,complexity,complx20
item_781,COMPLX21,item,complexity,complx21
item_782,COMPLX22,item,complexity,complx22
item_783,COMPLX23,item,complexity,complx23
item_784,COMPLX24,item,complexity,complx24
item_785,COMPLX25,item,complexity,complx25
item_786,COMPLX26,item,complexity,complx26
item_787,COMPLX27,item,complexity,complx27
item_788,COMPLX28,item,complexity,complx28
item_789,COMPLX29,item,complexity,complx29
item_790,COMPLX30,item,complexity,complx30
item_791,COMPLX31,item,complexity,complx31
item_792,COMPLX32,item,complexity,complx32
item_793,COMPLX33,item,complexity,complx33
item_794,COMPLX34,item,complexity,complx34
item_795,COMPLX35,item,complexity,complx35
item_796,COMPLX36,item,complexity,complx36
item_797,COMPLX37,item,complexity,complx37