study_id,form,study,binder_items,id_check,age_mos,sex,date filled,completedby,respname,respno,reactmd,arehngry,aretired,becarefl,bequiet,claphand,cgdiaper,comehere,mdhome,wantmore,dontdo,dontouch,getup,givemom,givehug,givekiss,goget,goodgb,holdstil,gobyebye,lookhere,openmth,sitdown,spitout,stopit,gonight,throwbll,litpiggy,wantride,imitate,label,baabaa,choochoo,cockddld,grr,meow,moo,ouch,quackqck,uhoh,vroom,woofwoof,yumyum,animal,bear,bee,bird,bug,bunny,buttrfly,cat,chicken1,cow,deer,dog,donkey,duck,elephant,fish1,frog,giraffe,goose,horse,kitty,lamb,lion,monkey,mouse,owl,penguin,pig,pony,puppy,sheep,squirrel,teddyber,tiger,turkey,turtle,airplane,bicycle,bus,car,firetrck,motrcycl,stroller,train,truck,ball,balloon,block,book,bubbles,doll,pen,toy,apple,banana,bread,butter,cake,candy,carrots,cereal,cheerios,cheese,chicken2,coffee,cookie,cracker,drink1,egg,fish2,food,icecream,juice,meat,milk,noodles,orange1,peas,pizza,raisin,spaghett,toast,water1,beads,bib,boots,button,coat,diaper,dress,hat,jacket,jeans,necklace,pajamas,pants,shirt,shoe,shorts,sock,sweater,zipper,arm,bllybttn,cheek,ear,eye,face,foot,finger,hair,hand,head,knee,leg,mouth,nose,owie,tooth,toe,tongue,tummy,blanket,bottle,bowl,box,broom,brush,clock,comb,cup,dish,fork,glass,glasses,hammer,keys,lamp,light,medicine,money,paper,penny,picture,pillow,plant,plate,purse,radio,scissors,soap,spoon,telephone,toothbrush,towel,trash,vacuum,watch1,bathroom,bathtub,bed,bedroom,chair,couch,crib,door,drawer,garage,highchar,kitchen,livingrm,oven,playpen,potty,refrigerator,rockingchair,sink,stairs,stove,table,tv,window,backyard,beach,church,flower,garden,home,house,moon,outside,park,party,pool,rain,rock,school,shovel,sky,slide1,snow,star,store,sun,swing1,tree,water2,work1,zoo,aunt,baby,babysttr,babysittername,boy,brother,child,daddy,girl,grandma,grandpa,lady,man,mommy,childname,people,person,sister,teacher,uncle,bath,breakfst,bye,dinner,dont,hello,hi,lunch,nap,nghtnght,no,patycak,peekaboo,please,shh,thankyou,wait,wanna,yes,bite,blow,break,bring,bump,clean1,close,cry,dance,draw,drink2,drive,eat,fall,feed,finish,get,give,go,help,hit,hug,hurry,jump,kick,kiss,look,love,open,play,pull,push,put,read,ride,run,say,see,show,sing,sleep,smile,splash,stop,swim,swing2,take,throw,tickle,touch,watch2,walk,wash,wipe,write,day,later,morning,night,now,today,tomorrow,tonight,allgone,asleep,bad,big,blue,broken,careful,clean2,cold,cute,dark,dirty,dry2,empty,fast,fine,gentle,good,happy,hard,hot,hungry,hurt,little,naughty,nice,old,pretty,red,scared,sick,sleepy,soft,thirsty,tired,wet,yucky,her,his,i,it,me,mine,my,that,this,you,your,how,what,when,where,who,why,away,back,down,in,inside,off,on,out,there,underprep,upprep,allquant,another,more,none,notquant,other,same,some,armshow,reachout,points,waves,pickup,shakhead,nodhead,showhush,request,blowkiss,smacklip,shrugs,playpeek,patycak2,sobig,chase,dosing,dodance,eatspoon,drinkcup,combhair,bshteeth,wipeface,puthat,putshoe,putwatch,ptdsleep,blowhot,flyplane,ptndtele,snifflow,pushcar,throwges,ptndpour,ptndstir,putobed,cover,feedbotl,feedspon,brushit,burbit,pushit,rockit,kissit,dressit,wipeit,talkit,diaperit,sweep,putkey,pound,usesaw,type,ptndread,dovacuum,waterplt,playmus,ptnddriv,washdish,usecloth,usepen,dig,wearglas,playpretend,id,comp_only_items,prod_items,comp_items,id,border,latino,ethnicity,white,momed,comp,compptiles,prod,prodptile
11003,english_wg,totlot3,totlot3_16m_1.pdf,11003,17,F,2012-11-06,,1,1,1,1,1,1,1,1,1,1,1,1,1,1,1,1,1,1,1,1,1,1,1,1,1,1,1,1,1,1,1,s,n,2,2,1,2,1,2,1,2,2,2,2,1,1,1,1,2,1,1,1,1,1,1,,1,1,2,1,1,1,1,1,1,1,1,1,1,1,1,1,1,,1,1,1,1,,,2,2,,,2,,,1,1,1,2,1,1,2,2,1,1,,2,2,1,,,,1,1,,1,,,,1,1,,1,1,,,1,2,1,2,,1,1,,,2,,1,,,1,1,,2,1,,1,1,1,1,1,,1,,,1,1,1,1,1,,1,1,1,1,1,1,1,1,1,2,1,1,1,1,1,2,1,1,,1,,,1,,,,,1,1,,,1,,1,,1,,,1,1,,1,1,1,1,1,1,1,,,1,1,1,1,1,1,1,1,,1,1,1,,,,1,1,,1,1,,1,1,1,1,1,,1,,1,1,,1,1,,1,,1,1,,,1,,,1,1,1,1,2,,,,1,,,,,,2,,1,1,,,2,1,,,2,1,,1,1,2,1,2,2,2,1,2,2,2,,1,2,1,2,1,2,2,1,1,,1,,1,1,1,1,1,1,1,2,1,1,1,1,1,2,1,1,1,1,1,1,1,1,1,1,1,1,1,1,1,1,1,1,1,1,,1,1,1,1,,1,1,1,1,1,1,2,1,1,1,,,,1,,,,,2,,,1,,,,1,1,1,,1,1,1,1,,1,1,1,1,1,1,1,1,,,,,,1,,1,1,,1,1,1,,,,,2,,,,,,,1,1,,1,1,,,,1,1,1,1,1,1,1,1,2,1,1,1,,,,,1,o,o,o,o,o,o,n,n,s,o,o,s,1,0,1,1,0,1,1,1,1,1,1,1,1,1,1,1,1,1,1,1,1,0,0,1,1,1,0,0,0,1,0,1,1,0,0,0,1,0,1,0,1,1,1,0,1,1,0,0,1,1,1,0,11003,231,45,276,11003,2,0,A/W,Non-White,16,276,63,45,28
11009,english_wg,totlot3,totlot3_16m_1.pdf,11009,16,F,2012-10-07,Mother,1,1,1,1,1,1,1,1,1,1,1,1,1,1,1,1,1,1,1,1,1,1,1,1,1,,1,1,1,,,,s,2,1,,,2,2,2,1,2,1,1,1,1,2,2,2,1,2,,2,2,2,,2,,2,2,2,,,,1,2,,1,2,,1,,2,,1,,,1,,,1,1,,2,2,1,1,1,2,2,2,2,1,2,2,1,1,1,2,2,1,1,1,1,1,1,2,2,1,,2,2,1,2,,1,,2,,2,,,1,,,,,1,,,,,,1,,1,1,,,,,,2,,,,,,1,2,2,2,,,1,1,1,1,,,1,2,2,1,1,1,1,2,2,1,1,,1,,,,,,,1,,2,,,,,1,,,1,,,,,,,,2,1,1,1,,,1,1,1,1,1,1,1,1,,,1,,,1,,2,,,,,,1,1,1,1,,1,1,,2,2,2,,2,,,,1,,,,,,1,,,,,1,,,,2,1,2,,2,,2,,,,,,2,1,,,2,1,,2,,2,,2,2,2,,1,2,2,1,2,2,2,2,1,1,2,1,,,,,,,1,2,,,,1,,,,,1,2,1,1,1,,,,2,1,2,1,1,,1,,1,,,,,1,1,1,1,1,1,,1,,,,,,1,1,,,,,,,,,,,2,,,,,,,,1,,,1,,1,,,1,,2,,1,,,,,,,,,,,,,,,1,1,,,,,2,2,,,,,,,,,,,,,,,,,,,,,,,,,,,,,,,o,o,o,o,o,o,o,o,o,o,o,o,1,1,0,1,0,1,1,1,1,1,1,1,0,0,0,1,0,1,1,1,1,0,0,0,0,0,0,0,0,0,0,0,0,0,0,0,0,1,1,0,1,1,0,1,1,1,0,0,0,0,1,0,11009,108,77,185,11009,2,0,W,White,18,186,41,77,70
11011,english_wg,totlot3,totlot3_16m_1.pdf,11011,15,M,,,1,0,1,1,,1,,1,1,1,1,1,,,,1,,,1,1,,1,1,,1,,,,1,,1,n,n,,1,,1,1,,,,1,,1,1,,1,,1,,,,1,,,,1,,,,,,,,,,,,1,,,,,,,,,,,,,1,,,1,1,,1,1,,1,,,1,1,,,,,1,1,,,,1,1,,1,1,,,1,,,,1,,,,,1,,1,,1,1,,1,,1,,,,1,,1,,,,1,1,1,1,1,1,,,,,,,,1,1,,1,,1,,1,1,1,,,1,,1,,1,,1,,,1,,1,,,,,,,,,,,,,,,,,,,,,,1,1,1,,,,1,,,1,1,1,,1,,1,1,1,,,,,1,,,1,,1,1,,,,,,,1,1,1,1,1,,,,,,,,1,,,1,,1,,,,,1,,,,,,,1,,1,1,,,1,1,,,,,1,1,1,1,1,,,1,1,,,1,,1,,,,1,,1,1,,,,1,,1,,1,,,1,1,,,,1,1,1,,1,1,,1,1,,1,,1,,,1,1,1,,1,,,,,,,,,,1,,1,,,,1,,,,,,,,,,,,1,,,,,,1,,,,,,,,1,,,1,,,,1,,,,,,,,,,,,,,,,,,,,,,,1,1,,,,,,1,,,,,1,1,,,1,,1,,1,,,1,,,,,,s,s,n,n,s,s,n,n,s,n,n,n,1,0,0,1,0,1,0,1,0,1,0,1,0,0,0,0,0,0,0,1,1,0,0,0,0,0,0,0,0,0,0,1,0,0,0,0,0,0,0,0,1,1,0,0,0,0,0,0,0,0,1,0,11011,130,0,130,11011,1,0,W,White,16,130,43,0,5
11014,english_wg,totlot3,totlot3_16m_1.pdf,11014,15,M,2012-10-07,Mother,1,1,1,1,1,1,,1,1,1,1,1,,1,1,1,1,1,1,1,,1,1,1,1,,,1,1,1,1,s,s,2,2,,,1,2,,2,,1,2,1,,2,,,,2,,1,,1,,2,,2,,1,,,,1,1,,,1,,,,1,,1,,,2,,,1,1,,2,1,,,1,2,,2,,1,2,,,,1,2,2,,,2,,,2,2,2,,,2,,1,,,,,,,1,,,,,,,,1,,1,,,,2,,,,,,1,1,2,2,,2,,,,2,,2,2,,2,,2,,,,,,2,,2,1,1,1,1,,,,1,2,,,1,,,,,,2,1,1,,,,,,1,,,1,,,1,,1,2,1,1,1,,1,1,2,,2,,,1,,,,,,,,1,,,,,,1,2,1,,,,,,,,,,,,,,,,,,,,,,,,,,,,1,2,,,,,,2,,2,2,,,2,,,,,,2,2,1,2,,,2,,,1,2,1,1,2,,2,,,,1,1,,,,,,1,1,,,1,,1,,,,,,,,1,1,,,,1,,,1,,,1,1,1,1,1,,,,,,1,,,1,,,1,,,,,,1,,,,,2,,,,,1,,,,,,1,,1,,,,,,,,,,,,,1,,,,1,,,,,,,,,,,,,,,,,,,,,,,,2,,,,,,,2,,,2,2,,1,,,,,1,,,,,,s,o,o,o,o,s,s,s,n,n,s,o,1,1,,1,0,1,1,1,1,1,1,1,1,0,1,0,0,1,0,1,1,1,1,0,0,0,0,0,0,0,0,1,0,0,0,0,1,1,1,1,1,1,1,0,1,1,0,1,1,0,1,1,11014,75,55,130,11014,1,0,A/W,Non-White,16,130,43,52,85
11035,english_wg,totlot3,totlot3_16m_1.pdf,11035,15,M,2012-10-01,Mother and Father,1,1,1,,,,,1,1,1,1,1,,,,1,,,1,,,1,1,,1,,,,,,,s,o,,,,,,,,,1,1,,,,1,,1,,,,1,,,,1,,1,,,,,,,,,,,,,,,,,,1,,,,,1,1,,1,,,1,,1,1,,,1,,,,,,1,1,,,,1,,,,,,,1,,,,1,,,,1,,,,,,,,2,,1,,,1,1,,1,1,,,,,,1,,,,,,,,,,,,,,,,,,,,,,,,,,1,,,,,,,,,,,,,,,,,,,,,1,,,,,,,1,,1,,,,,1,,,1,,,,,,,,1,,,,1,,,,,,,,,,,,,,,,,1,,,,,,1,,,,,,,,,1,1,,,,1,,,,,,2,,,,,,1,1,,,,1,,,,1,,,1,1,,,,1,,,,,,,,,,,,1,,,,,1,,,,1,,,1,,1,,,,,,,,,1,,,,,,,,,,,,,,,,,,,,,,,,,,,,,,,,,,,,,1,,,,,,,,,,,,,,,,1,,,,,,,,,,,,,,,,,,,,,,,,,,1,,1,1,,,,,,,,,,,,,,,,,,,,,,2,,,,,,o,o,o,n,s,o,n,n,n,n,s,n,1,,,1,,1,1,1,0,1,0,1,0,0,0,0,0,0,0,1,1,1,0,0,0,1,0,0,0,0,0,0,0,0,0,0,0,0,0,0,1,1,0,0,0,0,0,0,1,0,0,1,11035,58,3,61,11035,1,0,W,White,16,61,13,34,71
11036,english_wg,totlot3,totlot3_16m_1.pdf,11036,16,M,2012-10-29,,1,1,1,1,,,1,1,1,1,1,1,1,,1,1,1,1,1,1,1,1,1,1,1,,,1,1,1,1,,o,,1,,1,1,1,1,1,1,1,1,1,,1,,1,,,1,1,1,1,,1,,1,1,1,1,1,,1,,,,1,1,,,,,,,,1,,,,1,,1,1,1,1,,1,1,1,1,1,1,1,,,,1,1,1,,,,1,1,1,1,1,,,1,1,1,1,1,,,,1,,1,,,,1,1,1,,1,,,,1,,1,1,,,,,,1,,1,,,1,1,,1,1,1,1,1,1,1,1,2,,,1,1,,2,2,2,,1,,1,,1,,1,1,,,,,,1,,1,,,1,,,,1,,,,,1,,1,,,,,,,,,,,,1,1,,,1,,,,,1,1,,,,,,,1,,,,1,,1,,1,1,1,,1,,1,,,1,1,,1,,1,1,1,,,,,1,,,,,,1,,1,1,,,1,1,1,,,1,,1,,1,,,2,,,,1,,,1,1,1,1,1,1,1,1,,,1,,1,1,,,,1,1,1,1,1,1,,1,,,,1,,,,1,,1,1,1,,,,1,,,1,1,1,1,1,1,1,,1,1,,1,,1,1,1,1,1,,,1,,,,,,,1,1,,1,,,,,1,,,1,,1,,,1,,1,,1,1,1,,,,,,,,,1,,,,,,,,,,,,,,,,,,,,,,,,,,,1,1,1,1,,,,,,1,,,,,,o,o,o,o,o,o,n,n,o,n,o,n,1,0,0,1,1,1,1,1,,1,1,1,,1,1,1,1,1,1,1,1,1,1,0,0,1,1,0,1,1,1,1,0,0,1,1,0,1,1,0,0,1,0,0,0,1,0,1,0,1,1,1,11036,172,5,177,11036,1,0,A,Non-White,16,180,52,125,93
11037,english_wg,totlot3,totlot3_16m_1.pdf,11037,15,M,2012-09-25,Mother,1,1,1,1,1,1,,1,1,1,1,1,1,1,1,1,1,1,1,1,1,1,1,1,1,1,,1,1,1,1,s,s,2,1,1,2,1,2,1,2,1,1,1,1,1,1,2,1,1,1,1,1,1,1,,2,,2,1,1,1,1,1,1,1,1,1,1,1,1,1,1,,1,1,1,1,1,,1,1,1,1,2,1,1,1,1,2,2,1,2,1,2,1,,1,1,1,1,,,,1,1,1,1,1,,,2,1,1,1,1,,,,1,1,1,1,1,1,1,1,2,,1,,1,1,1,,1,1,,,1,1,1,1,,1,,1,1,1,1,1,1,1,1,1,1,1,1,1,1,1,1,,1,1,1,1,,1,1,1,1,1,1,1,1,,1,,1,,1,,1,,,1,,,,1,,1,,,1,1,1,1,1,1,1,,1,1,1,1,1,1,,1,1,1,1,1,1,,,,1,1,1,1,,1,,1,1,,,1,,,1,1,1,1,,1,,1,1,1,1,1,,1,1,1,1,1,,1,,,,,1,,,,1,,1,1,,,1,1,1,,1,1,,1,1,1,1,1,1,1,1,1,2,1,1,1,,,,,1,1,1,1,,1,1,1,1,1,1,1,1,,1,,,2,1,1,1,1,1,1,,1,1,1,1,,1,,,,,1,,1,1,,,1,,,1,,,1,,1,1,1,,1,1,1,,,,,,,,,,1,1,,,,,,,1,,,,,,1,,1,,,,1,,,,,,,,,,,,,,,,1,,,,,,,,,,,,,,,1,,,,1,1,1,,1,1,,,,1,,,,,,,,,o,o,o,o,o,s,n,n,s,n,o,n,1,0,0,1,1,1,1,1,1,1,1,1,1,0,0,0,0,1,1,1,1,1,1,0,0,1,1,0,0,0,0,1,0,0,1,0,1,1,1,0,1,1,1,1,1,0,0,0,1,1,1,1,11037,228,16,244,11037,2,0,W,White,18,245,85,18,53
11070,english_wg,totlot3,totlot3_16m_1.pdf,11070,15,F,2012-10-13,Mother and Father and Grandparents,1,,1,,1,,,1,1,1,1,1,,,,1,1,,1,1,,1,,,,,,1,1,1,,n,n,,1,,1,,1,,1,,,1,1,,2,1,1,,1,1,1,,1,,1,,1,1,1,,1,,,1,,1,1,1,,,1,,1,1,,1,,,,,,1,1,,,1,1,,2,1,1,1,,,,,2,1,1,,,,1,,1,1,,,1,,1,1,,,,,,1,,,1,,,,1,1,,1,,,1,1,,1,1,,,1,1,1,1,,1,,,1,1,1,1,1,1,1,1,1,1,1,1,1,1,1,,1,1,1,1,1,1,,1,,1,,,1,,,,,,,1,,1,,,,1,,,,,,,,1,,1,1,,,,1,1,,,,1,,1,,,1,1,,,,1,1,,,1,,1,1,,1,,1,1,,1,,1,1,1,,,,1,1,1,1,,,,,1,1,1,,,,,,,1,1,,,1,1,1,1,,,1,1,,,,,,1,1,1,1,,,1,1,1,1,1,,1,,,1,,,1,,,,1,1,,1,,1,,1,,1,,,,1,1,,,,1,,,,1,,1,1,,,,1,1,,,1,,,,,,1,1,,,,,,,,1,,1,,,1,,,,,,,1,,,1,,,1,1,,,,1,,1,,,1,,,,,,,,,,,,,,,1,,,,1,1,,,,,,,,,,,,,,,,,,,,1,1,,,,1,,,2,,,1,,,,,,s,o,o,s,o,o,s,n,,s,n,n,1,0,,1,1,1,1,1,1,1,1,1,1,,,,,,,1,1,,,,1,,,,,1,,1,,,,,1,,1,,,1,,,1,,,,1,1,,1,11070,163,4,167,11070,1,0,W,White,18,165,47,4,13
11136,english_wg,totlot3,totlot3_16m_1.pdf,11136,17,M,2012-11-20,Mother,1,1,1,1,1,,,1,1,1,1,1,1,1,1,1,1,1,1,1,,1,1,,1,,,1,1,1,1,s,n,2,2,2,,1,2,1,1,1,2,1,1,1,,1,1,1,1,1,2,1,1,,1,,1,1,2,1,1,,1,2,,1,1,1,1,1,1,,1,1,,1,,,1,1,1,1,1,1,1,1,1,1,1,1,1,1,1,,,1,1,1,1,,,,,1,1,1,,,,1,1,1,,1,,1,,1,,1,,1,,,1,1,,1,,1,1,1,,1,1,,,1,1,1,1,1,1,,1,1,1,,1,1,1,1,1,1,1,1,1,1,1,1,,1,1,1,1,,1,1,1,1,,1,1,1,,,,2,,1,,1,,,,,1,1,,,,,,,1,1,1,1,1,1,,1,1,1,1,1,1,1,1,,,1,1,,,1,1,1,,1,,,1,1,1,1,,1,1,,1,,1,1,1,,,,,1,1,1,,,,,,1,1,1,,,1,1,,,1,,,1,1,1,1,,,1,1,,,,1,,1,1,1,1,1,1,1,1,1,1,1,1,1,,1,1,1,,1,,1,,1,,1,1,1,1,,1,,1,,1,1,,1,,,,1,,,,1,1,,1,1,,1,1,1,1,,1,,,1,1,1,1,,1,1,1,1,1,,,1,1,,,,,,1,,,,,1,,,1,,1,,,,,,1,,1,1,,1,1,,,1,1,,,,,,1,,,,1,1,1,1,,,,,,,,,,1,1,1,,,1,,1,,,,,1,1,1,1,1,1,1,,1,,1,1,,,,,,o,o,o,s,o,o,n,n,o,n,n,o,1,1,0,1,1,1,1,1,1,1,0,1,1,1,1,0,1,1,1,1,1,0,1,0,0,0,0,0,0,0,0,1,0,0,0,0,1,1,1,0,0,1,1,0,1,0,1,0,1,1,1,1,11136,229,9,238,11136,1,0,W,White,18,238,64,8,12
11141,english_wg,totlot3,totlot3_16m_1.pdf,11141,15,F,2012-10-20,Mother and Father,0,1,1,,1,,,1,,1,1,1,1,,,,1,1,,1,,1,1,,,,,1,1,1,,s,,2,,,,1,,2,1,,,,,,2,,,,1,,2,,1,,2,,2,,1,,1,,1,2,1,,1,,,1,1,,2,1,,,1,,,,1,,1,,,1,1,,2,1,,2,2,2,,,2,2,1,,,,1,,2,2,1,1,2,2,,1,,,,,,1,,,1,,,,,1,,,1,,,1,,,,,,1,,,2,,2,,,,,,,,,1,,,,,,,,,,,,,,,2,,1,,,,1,2,,1,,,,,,,,,,,,,,,,,,,,,,,,,,,,,,,,,1,,,,,,,,,,1,,,,,,1,,,,,,,,,2,1,,,,,,,,,1,,,,,2,1,,,,1,1,2,,,,2,,2,2,,,2,2,,,,,,1,,2,,,,2,,1,2,2,1,1,,,,,1,1,,,,,,,,,,,1,,,,,,,,2,,,,,,,1,1,,,,,,,,,,,,1,,,,,,,2,,,,,1,1,,,,,,,1,,,,,1,,,,,,,,,,,,,,,,,,2,,,,,,,,,,,,,,,1,1,,1,,,,,,1,,,,,,,,,1,1,,,,,,,,,,,,2,,,1,,,,,,o,o,o,s,o,o,n,n,s,n,s,n,,1,,,,,1,1,1,0,0,1,1,0,0,0,0,1,0,1,1,1,1,0,0,0,0,0,1,1,1,1,0,0,0,0,1,1,0,0,0,1,0,0,0,0,0,1,1,0,0,1,11141,62,38,100,11141,1,0,W,White,18,100,23,41,63
11200,english_wg,totlot3,totlot3_16m_1.pdf,11200,15,F,2012-10-03,Mother,1,1,1,1,1,1,,1,1,1,1,1,1,1,,1,,1,1,1,,1,1,,1,,1,1,1,,1,o,s,,1,1,,1,,2,1,2,,2,2,,,,2,,,,2,2,,,2,,1,,2,,,,,2,,,,,,,1,,,,,,,,,1,,,1,,,1,2,,2,,,1,2,,,1,2,1,1,,,1,,,,2,2,,2,1,,1,,2,,,,1,,,,,,,,2,,,,,1,1,1,1,,,,,,1,2,,,,,,1,,,1,,1,,1,,1,,,1,2,2,,,,1,1,2,,1,,,,,1,,1,,1,,1,,1,,,,,,,,,,,,,1,1,,,2,,,,2,1,,1,1,,1,,,1,1,,,,,1,,,,,1,,,1,,,1,,1,,,1,,,,,2,,,,1,,,,,1,,2,,,1,2,,,,1,,2,,1,1,,,2,1,,,1,,,2,1,2,1,1,1,2,1,1,2,2,,2,1,,2,,,1,1,1,,,,1,1,,1,1,1,,1,,,,1,,1,1,,,,2,,1,1,,,1,,,,1,,1,1,1,1,,1,1,1,1,,1,,1,,1,1,1,1,,,,,,1,,,,,1,,,,,,1,,,,,1,,1,,,,1,,,1,1,1,,,,,1,,,,,1,1,1,,1,,,,,1,,,,,1,1,,,,1,1,,,,1,1,,1,1,1,1,1,1,,1,1,1,,,,,o,o,o,o,o,o,s,n,o,s,o,s,1,0,0,1,1,1,1,1,1,1,1,1,1,1,0,1,0,1,1,1,1,1,1,0,0,1,0,1,0,1,0,1,1,0,0,0,0,1,1,0,1,1,1,0,1,1,0,1,1,1,1,0,11200,125,38,163,11200,3,0,W,White,16,165,47,39,61
11327,english_wg,totlot3,totlot3_16m_1.pdf,11327,15,M,2012-11-25,Mother and Father,1,1,1,1,,1,,,1,1,1,1,1,1,,1,1,,1,1,,1,1,1,1,,,,,,,n,s,,,,,,,,,,2,,,,,,1,,,,2,,,,2,,2,,,,,,,2,,,,,,,,,2,,,,,,,1,1,1,1,,,1,,1,2,1,,1,2,,1,1,2,,,,,,,1,,1,,,,1,1,,,2,,,,2,,,,,,,,1,,,,,,1,,1,,,,,,1,1,,1,,,1,,,,,,,,,,,,,,,,,,1,,,,,,1,1,,,1,,1,,1,,1,,,,1,,,,,,,,,,,1,,,,1,,,,,,,,,,,1,,,,,,,1,,,,1,,,,,,,,,,1,,1,,1,,,,,,,,,,,,,1,,,,,,,,,,,,2,,,,,,2,1,,,,,,2,,2,,1,,,,,,,,1,,,,,,1,,2,,1,,,1,,1,,1,,2,,,,1,1,,2,,1,,,,,,,1,,,,,1,,,,,1,,,,,1,,1,1,,,,,1,,1,,,,,,,,,,,,,,,,,,,,,,,,,,,,,,2,1,,,,,,,,,,,,,,,,,,,,,,,,,,,,,,,,,,,,,,,1,,,,1,,,2,,,,,,o,o,o,n,o,o,n,n,o,n,n,n,1,0,0,1,0,1,1,1,1,1,0,0,1,1,1,1,0,1,0,1,1,0,1,0,0,0,1,1,0,0,0,1,1,0,0,0,1,1,1,0,0,1,0,0,1,1,0,1,1,1,0,1,11327,61,20,81,11327,1,0,A/W,Non-White,17,81,21,20,57
11356,english_wg,totlot3,totlot3_16m_1.pdf,11356,15,F,2012-12-16,Mother,1,1,1,1,1,1,,1,1,1,1,1,1,1,1,1,1,1,1,1,,1,1,,1,,1,1,1,1,1,s,s,2,1,2,2,1,2,1,2,1,2,2,2,1,2,2,2,1,1,1,2,1,2,1,2,,2,2,2,1,2,,1,1,1,2,2,1,2,1,2,1,1,2,1,2,1,,1,2,1,1,2,1,1,1,1,2,2,1,1,2,,2,,1,1,1,1,2,,,,1,1,1,,,,1,,1,,1,,,,2,,,,,,,,1,,1,1,1,1,1,,1,1,,,,1,,1,,1,1,1,,1,,1,1,,1,,1,,,,,1,1,,1,,,1,1,2,,1,,,,1,1,,,,1,,1,,1,1,,,,1,,1,1,1,1,,,1,1,1,1,,,1,1,,1,,1,1,1,1,,,1,1,,,,,1,1,,1,,,1,1,1,,,1,1,1,1,2,1,,,2,1,1,,,1,,,2,,1,,2,2,,1,1,2,1,1,1,,,2,,2,1,,,2,1,,,,,,1,1,2,1,1,1,2,1,1,2,2,1,2,1,1,1,1,1,2,1,,,,2,1,1,1,1,1,1,1,1,1,1,1,1,1,1,,,1,,,,1,1,1,1,1,,1,1,2,,1,1,2,1,1,1,1,1,2,,,,1,1,1,1,1,1,,,,,,,1,,,,2,,,,1,,1,1,,1,,1,1,1,,,1,1,,,,1,,,,,,,1,,,1,1,1,1,,,1,1,1,,2,,,,,,,,,,1,,,,,1,1,1,1,1,1,1,1,1,,,,,,,,,o,o,o,o,o,o,s,n,o,s,o,o,1,1,1,1,1,1,1,1,1,1,0,1,1,0,0,1,0,1,1,1,1,0,0,1,1,0,0,0,1,1,1,1,1,0,1,0,0,0,0,0,1,1,0,0,1,0,0,0,1,0,1,0,11356,187,54,241,11356,1,0,W,White,16,241,74,54,72
11417,english_wg,totlot3,totlot3_16m_1.pdf,11417,16,M,2013-01-14,Mother,1,1,1,1,1,1,1,1,1,1,1,1,1,1,,1,1,1,1,,1,1,,,,,1,1,1,,1,n,n,,1,,,,2,,,1,2,,1,,1,,,,,,1,,,,1,,1,,1,,,,,1,,1,,,,,,,,,,,,,,1,,1,1,,,,1,1,1,1,,1,,,,,1,1,1,,,,,,,,,,,1,1,,,,,,,1,,,,,,,,1,,,,,,1,,,,,,,,,1,,,,,,,,1,,,,,,,1,,,,1,,,,,,,,,,,,,,1,,,,,,,,,,,,,,,,,,,,,,,,,,,,1,,,1,,,,,,,,,,,,,,,,,,,,,,,1,,,,,,1,,,,,,,,,,,,,,,,,,,,1,,,,1,,1,,1,1,,,1,1,,,,,,1,1,1,1,1,,1,,,1,,,1,1,,,,,,,,,,,,,,,,,,1,,,,,,1,,,1,,,1,1,,,,,,,,,,,,,,,,,,,,,,,,,,,,,,,,,,,,,,1,,,,,,,,,,,,,,,,,,,,,,,,,,,,,,,,,,,,,,,,,,,,,,,,,,,,,,,,,,,,,,,,,,,,,,,,,o,o,o,o,s,o,n,n,s,s,n,n,1,1,1,1,1,1,1,1,1,1,1,1,1,1,0,0,1,1,1,1,1,0,0,0,0,0,0,1,0,0,0,1,0,0,0,0,1,1,1,0,1,1,1,1,1,1,0,0,1,0,1,0,11417,57,2,59,11417,2,0,A/W,Non-White,17,59,8,2,10
11611,english_wg,totlot3,totlot3_16m_1.pdf,11611,15,M,2012-11-04,Mother,1,1,1,1,1,1,,1,,1,1,1,1,,1,1,1,,1,1,,1,1,,1,,,1,1,,,n,s,1,2,1,1,2,1,1,2,1,2,2,1,1,1,1,1,1,1,1,2,1,1,1,2,1,1,1,1,1,1,1,1,2,1,1,1,1,1,1,1,,,1,,1,1,1,1,1,1,1,2,1,1,1,1,1,2,1,1,1,1,1,1,1,2,1,1,1,,,1,,1,1,,,,1,,1,,1,,,,1,,,1,1,,,1,1,,,1,,,1,,,,,,1,1,1,1,,1,,,,1,,,1,1,1,,,,,1,1,1,1,,,,,1,1,,1,1,1,1,,,1,,1,,,,1,,,,,,,,,,,,,,,1,1,,,1,,,1,,1,,1,1,,1,,,,1,,,,,,,,,,1,,,1,,,,,1,,,1,1,,,1,,1,,,1,,,,,1,1,1,,,,1,,,,,,2,,1,2,,,2,1,,,1,,,1,1,2,1,1,1,1,1,1,1,2,,1,2,,2,1,,2,,,,,1,1,,1,1,,1,1,1,,,,1,1,1,1,,1,,,1,1,1,,1,,,,,1,,1,1,1,,,1,,,1,,,,,1,,,1,,,,,,,,,,,,1,,,1,1,,1,1,,,,,,1,,,1,1,1,,,1,,,,,,,,,,,,,,,,,,,,,,,,,,,,,,1,,,,,,1,1,1,1,,,1,1,,,,,,1,,,o,o,o,o,o,o,o,n,o,n,o,s,1,0,1,1,0,1,1,1,1,1,1,0,1,0,0,0,0,1,1,1,1,1,1,0,,1,1,0,0,0,0,1,0,0,1,0,1,1,1,0,1,1,0,1,1,1,0,1,1,1,1,0,11611,167,19,186,11611,2,0,W,White,14,186,68,19,55
11655,english_wg,totlot3,totlot3_16m_1.pdf,11655,16,M,2012-12-03,Mother,1,1,1,,,,,1,1,1,1,1,1,,1,1,1,1,1,,,1,1,1,1,1,1,1,1,1,1,o,o,2,2,,,2,2,2,2,2,2,2,2,,1,,2,,2,,2,,1,,2,,2,2,2,1,,,2,2,,,,,,,1,,,1,,,,,1,2,1,1,2,2,1,1,1,2,2,2,1,2,2,,1,1,2,2,1,,2,1,1,,2,1,1,,2,2,2,1,2,1,1,2,,1,1,,,,,1,1,2,,,,2,,2,,2,1,,,,1,1,2,,2,,,,,,1,2,,,,,1,1,,,1,2,,1,,1,2,,1,1,,,1,,,1,,1,,2,,2,,2,,,,,,,,1,,,,2,,1,2,,,1,,1,,1,,1,,,,,,1,,,,,,,,,1,,1,2,2,1,,,2,,1,1,2,,2,,1,1,,1,,,2,,,,,,2,2,,,2,2,,,,2,,2,,2,1,,,2,1,,,,,1,2,1,2,2,,2,2,1,1,2,2,1,1,,1,2,,,1,1,1,,,,,,,1,2,2,,1,2,,,1,1,2,,1,1,,1,1,1,1,,2,,,,,1,1,1,,,,,,1,,,,1,,1,1,,,,,,,,,,,,,,,,,,,,,,,1,,,,,,,,,,2,,,,,,,,,,,,,,,,,,1,,,,,2,,,,,,,,1,,1,,,,,2,1,,,1,,,2,2,,,2,,,,,,o,o,o,o,s,o,n,n,o,s,o,n,1,1,1,1,1,1,1,1,1,1,1,1,1,1,0,0,0,1,0,1,1,0,0,0,0,0,0,0,0,0,0,0,0,0,0,0,1,1,1,0,1,1,1,0,1,1,0,0,1,1,1,1,11655,90,83,173,11655,3,0,W,White,18,173,49,83,87
11743,english_wg,totlot3,totlot3_16m_1.pdf,11743,16,M,2012-08-21,,1,1,1,1,1,1,,1,1,1,1,1,,1,1,1,,,1,1,,1,1,,1,1,,1,,,,s,o,,,,,1,1,,,2,,1,1,,,,1,,,,2,,1,,1,,,,1,,,,,2,,,,1,,,,,1,,,1,,,,1,,,,,,,1,1,2,2,,1,1,,,,1,1,,,,,,1,1,1,,,1,1,1,,,,,,,1,,,,,,,,1,,,,,,1,,,,,,,,,1,,1,,,,,,,,,,,1,,,,,,,,,,,,,1,,,,,,1,1,,,,,,,,1,,,,,,,,,,,,,,,,,,,,,,,,,,,,,,,,,,,,,,,,,,,,1,,,,,,,1,1,1,,,,,,,,,,,,,1,1,,,,,,,,,,,1,,1,1,,,1,1,,,1,,,1,,1,,,,,,,1,1,,1,,1,,,,1,1,1,,1,,,,,,,,,1,,,,1,1,1,,1,,,,,,1,,,,,,,,,,,,,,,,,,,1,,1,1,,,,,,,,,,,,,,,1,,,,,,,,,,,1,,1,,,1,1,,,,,,,,,,,,,,,,,,,1,,,,,,,,1,1,,,,1,,1,,,,,1,,,,,,,,1,,,1,,,,,,o,o,o,s,o,n,n,n,n,n,s,n,1,0,0,1,1,1,1,1,1,0,0,0,0,1,0,0,0,0,1,1,1,1,1,0,0,1,0,0,0,0,0,0,0,0,0,0,0,0,1,0,0,1,0,0,1,1,0,0,1,1,1,0,11743,78,5,83,11743,2,0,W,White,18,83,13,5,14
11958,english_wg,totlot3,totlot3_16m_1.pdf,11958,17,F,2013-01-21,,1,1,1,1,1,1,1,1,1,1,1,1,,1,1,1,1,1,1,1,1,1,,1,1,,1,1,1,1,1,s,,2,2,,2,2,2,2,2,2,,2,1,1,2,2,2,,2,2,2,1,2,,2,,2,2,2,2,2,,2,2,2,2,2,2,,2,2,,,2,1,1,,,2,1,1,,2,,1,1,,,2,2,2,2,2,2,,1,2,2,1,,1,,2,,1,2,1,,2,2,1,,,2,,,,2,,1,1,,1,1,1,2,,2,2,,,2,1,2,1,,1,1,1,1,2,,2,,2,1,2,1,2,2,1,1,1,1,1,1,1,,1,1,,1,1,1,2,2,2,2,1,1,1,1,1,2,,1,,,,1,,,1,2,1,,1,2,,,1,,,2,,,1,2,1,1,,1,1,2,1,2,1,1,2,2,,1,1,,,,2,1,,,1,,2,1,1,,,,2,,1,,1,1,2,1,1,,,1,,,1,,,,1,,,,,1,,2,2,2,,,,2,,2,2,,,2,2,,,2,,,2,1,2,,,1,2,1,1,2,2,1,1,2,2,2,1,,2,1,1,,,,1,2,,1,1,1,,2,1,1,,,1,1,1,1,1,,1,1,1,1,,2,1,1,1,1,1,,,1,,,,1,1,1,1,1,1,,1,1,1,,1,,1,,,,,,,,,,2,1,,,2,,1,1,2,,,,,,1,,1,,,,2,1,,,,1,,,,,,1,1,1,1,,1,,,,,,2,,,,1,1,,,,1,,,,1,1,,1,2,2,2,,1,,,,2,,,,,,,,,,,,,,,,n,n,1,1,,1,1,1,1,1,1,1,1,1,1,1,1,1,0,1,1,1,1,0,0,1,1,1,1,1,1,1,1,1,1,1,1,1,1,1,0,1,1,1,0,0,1,0,1,1,1,0,1,1,11958,134,105,239,11958,2,0,W,White,18,248,50,114,72
12095,english_wg,totlot3,totlot3_16m_1.pdf,12095,15,M,2013-07-02,Mother,1,1,1,1,1,1,1,1,1,1,1,1,1,1,1,1,1,1,1,1,1,1,1,1,1,1,1,1,1,1,1,s,n,1,1,1,2,1,2,1,1,1,2,2,2,1,1,1,1,1,1,,1,1,1,,1,,1,,1,1,,1,1,1,1,1,,1,,,1,,1,1,1,1,1,,1,1,1,1,1,1,,1,1,,1,1,1,1,1,,1,1,1,1,1,,,,1,,1,1,1,,1,1,1,1,1,1,1,,1,1,1,,1,1,,1,,1,,,,,1,1,,1,1,,,1,1,1,1,,1,,,1,1,,1,1,1,1,,1,1,1,,,1,1,1,,,1,1,1,1,1,1,,,,,1,1,,1,1,,1,,1,,1,1,,1,1,1,1,,,1,1,,1,1,1,1,1,1,1,1,1,1,1,1,1,1,,1,,1,1,1,,1,1,,1,1,1,1,1,1,,1,,1,1,1,1,,1,1,,1,1,1,1,,,,,,1,1,,,1,,,,1,,,1,,,2,1,2,2,,,2,1,,,1,,,2,1,2,1,1,1,2,1,1,1,1,1,1,1,1,1,1,1,1,1,1,1,1,,1,1,1,1,,1,1,1,1,1,1,1,1,1,1,1,1,1,1,1,1,1,1,1,1,1,1,1,1,1,1,,1,,1,1,,1,1,1,,1,1,1,1,1,1,1,1,,1,1,,1,,,,,1,1,1,1,1,1,1,1,1,,,1,1,1,1,,1,1,1,1,1,1,1,1,,,,,1,1,1,1,1,1,1,1,1,1,,1,1,1,1,1,1,1,1,1,,,,1,1,,1,1,1,1,,,1,1,,,1,1,,1,1,1,,,,o,o,o,o,o,o,n,s,o,s,s,s,1,1,0,1,1,1,1,1,1,1,1,0,1,1,1,1,1,1,1,1,1,1,1,1,0,1,1,1,0,1,0,1,1,1,0,0,1,1,1,1,1,1,1,1,1,1,1,1,1,1,1,1,12095,274,12,286,12095,3,1,HI_PI,Non-White,18,285,93,12,40
12297,english_wg,totlot3,,12297,16,F,,,,,,,,,,,,,,,,,,,,,,,,,,,,,,,,,,,,,,,,,,,,,,,,,,,,,,,,,,,,,,,,,,,,,,,,,,,,,,,,,,,,,,,,,,,,,,,,,,,,,,,,,,,,,,,,,,,,,,,,,,,,,,,,,,,,,,,,,,,,,,,,,,,,,,,,,,,,,,,,,,,,,,,,,,,,,,,,,,,,,,,,,,,,,,,,,,,,,,,,,,,,,,,,,,,,,,,,,,,,,,,,,,,,,,,,,,,,,,,,,,,,,,,,,,,,,,,,,,,,,,,,,,,,,,,,,,,,,,,,,,,,,,,,,,,,,,,,,,,,,,,,,,,,,,,,,,,,,,,,,,,,,,,,,,,,,,,,,,,,,,,,,,,,,,,,,,,,,,,,,,,,,,,,,,,,,,,,,,,,,,,,,,,,,,,,,,,,,,,,,,,,,,,,,,,,,,,,,,,,,,,,,,,,,,,,,,,,,,,,,,,,,,,,,,,,,,,,,,,,,,,,,,,,,,,,,,,,,,,,,,,,,,,,,,,,,,,,12297,,,,12297,5,0,W,White,17,123,21,34,37
12316,english_wg,totlot3,totlot3_16m_1.pdf,12316,15,F,2013-07-26,,1,1,1,1,,,,1,1,1,1,1,,,1,1,1,1,1,1,,1,1,1,1,,1,1,1,1,,o,s,1,1,,,1,2,2,1,2,,1,,1,1,,2,,2,2,1,,1,,2,,2,1,,,,,,1,1,1,1,,,,1,,1,1,,1,1,,,2,2,,2,,,2,2,2,,2,1,1,,2,,1,,,2,,,,,1,,2,,,,2,,,,,,,,2,,,,,,,2,2,2,2,,,,1,1,2,,,,,1,1,2,,2,,,,1,,1,2,,1,1,2,1,,1,1,1,2,2,2,2,1,1,1,1,1,1,,,,,1,,,,1,,2,,1,1,,,,,,,,,,,1,1,1,1,,,,2,1,1,1,,2,,,2,,,1,,,,,,1,,,1,,1,,,1,,,,,,,,2,,,,2,,,,,2,,,,,2,1,2,,,2,2,,,,,,2,,1,1,,,2,2,,,,,,2,,2,,,1,2,,1,1,2,1,1,,,,,,2,,,,,,,,,,,,,,,,,,,,,,,,,,,,,,,,,,,,,,,,,,,,,,,,,,,,,,,,,,,,,,,,1,,,,,,,,1,,,,,,,,,,,,2,,,,,,,,,,,,,,,,,,,,,,2,2,2,2,,,,,,,,,2,,2,,,2,2,,,,2,,1,2,,,,,,o,o,o,o,o,n,n,n,s,n,n,n,1,1,,1,1,1,1,1,1,1,1,1,1,1,0,1,0,1,0,1,1,1,1,0,0,1,1,0,0,1,0,1,1,0,1,1,1,0,1,0,1,1,0,0,1,1,0,1,1,0,1,1,12316,68,63,131,12316,1,0,W,White,18,132,34,64,77
12390,english_wg,totlot3,totlot3_16m_1.pdf,12390,16,M,2012-09-05,Mother,1,1,1,,,1,,1,,1,1,1,1,1,,1,1,1,1,1,,1,,,1,,1,,1,1,,s,n,,,,1,1,,,,1,1,1,1,,,,,,,,1,,1,,1,,,,,,,,,1,,,,,,,1,,,,,1,,,,1,,,1,,1,1,,,1,,,1,1,1,1,,1,1,,,,,,,,,,1,,,1,,,,,,,1,,,,,,,,1,,1,,,,1,,,,,,1,,,1,,,,,,1,,,,,,,,,,,,,,,1,,,,1,1,,,1,1,,1,,,,,,,1,,,,,,,,,,,,,,,,1,1,,,1,1,1,1,1,1,,,,,,,1,1,,,,1,1,1,,1,,,,1,,,,1,,1,1,,,,,,,,,,,1,,,1,,,,1,,,1,1,,,,,1,1,,1,1,,,1,1,,,,,1,1,,1,,1,1,1,,,1,1,1,1,,,1,,,1,1,1,,1,,,,,1,1,,,,,,,1,,,,1,1,,,,1,,,,,,,,1,,,,,,,,,,,,,,1,,,,,,,1,,,,,,,,,1,,,,,,,,1,,,,,1,,,,,,,1,,,,,,,,,,,,,,,1,,,,,,,,,,,,,,,,,,,1,,1,1,1,1,1,1,,,1,,,,,,,,,o,o,o,s,o,o,n,n,o,s,n,n,1,1,1,1,0,1,1,1,1,1,1,0,1,1,1,1,0,1,1,1,1,1,0,0,0,0,0,0,0,0,0,1,0,0,0,0,1,1,1,0,1,1,1,0,1,1,1,1,1,1,1,0,12390,105,0,105,12390,1,0,W,White,18,105,21,0,0
12398,english_wg,totlot3,totlot3_16m_1.pdf,12398,16,F,2013-07-29,Mother,1,1,1,1,1,1,1,1,1,1,1,1,1,,,1,1,1,1,1,,1,1,,1,1,1,1,1,,,o,s,,1,1,,2,1,2,1,2,,2,2,,,,,,,,2,2,1,,2,,1,,,,,,,2,,,,,,,,,1,,,,,,,,1,,1,,,1,1,,2,,1,2,,,,1,2,2,,,,,,2,1,2,,1,,2,,1,,1,,2,,2,,2,,,2,,,2,,,,,,1,,2,,,,1,,,2,,1,,,,1,,1,2,,1,1,,,1,,,2,2,,2,2,1,1,,,2,,,1,,1,1,,1,,1,,1,,,,,,,,,,,,,,,1,,1,,2,,,,1,1,,1,1,,,,,1,,,,,2,,,,,,2,,,1,,2,2,,1,,,2,1,,,,,,1,,1,,,,,1,,1,,,1,1,,,,2,,2,,1,1,,,2,2,,,,1,1,1,1,2,1,1,2,2,1,1,1,2,,2,2,2,2,,1,2,,,,1,,,1,,1,1,1,,1,,,,1,1,1,1,,1,,1,1,2,1,,1,,,1,,1,,1,1,,1,,1,,,1,,,,1,,,,1,,1,,,,,,,,,,2,1,2,,,,2,1,1,,,1,,,,,1,,,,2,1,,,,1,,,,,,1,,,1,,2,,,,,,,,2,1,,,,1,,1,,,,,2,,,1,1,2,,,2,,,2,,,,,,o,,o,o,o,s,n,s,s,s,s,n,1,0,0,1,0,1,1,1,1,1,1,1,1,1,0,0,0,1,1,1,1,0,0,0,0,0,0,0,0,1,0,1,0,0,0,0,1,1,0,0,1,1,0,0,1,1,0,1,1,1,1,1,12398,100,59,159,12398,2,0,W,White,16,159,32,59,60
12409,english_wg,totlot3,totlot3_16m_1.pdf,12409,16,F,2013-06-27,Mother,1,1,1,1,1,1,1,,1,1,1,1,1,,1,1,1,1,1,1,,1,1,1,1,,1,1,1,,,s,s,2,,,2,2,2,2,2,2,2,2,2,,1,2,2,1,1,1,2,1,1,,1,,1,1,2,1,1,,1,2,,1,1,,2,1,1,,1,1,,,1,,1,1,1,,2,,,1,,2,2,,1,2,2,,,1,2,2,2,,,,1,1,1,1,1,,,2,1,1,1,2,,,,2,,1,,,,1,,2,,1,,1,,2,,1,,,,1,1,1,2,,1,,,1,,1,1,1,,1,1,1,1,1,1,,1,1,2,1,1,1,1,,1,1,,,1,2,1,1,1,1,1,2,,1,1,,,,1,,1,,1,1,1,,,,1,1,1,1,1,1,1,1,1,1,,1,1,1,,,,1,,,1,,1,,,,1,,1,1,,1,1,,1,,1,,2,2,1,,1,1,1,,,1,1,,1,1,1,1,1,2,,,,2,,,,,,2,,1,2,,,2,1,,,,,,2,1,2,1,1,2,2,1,1,2,2,1,1,,1,1,1,1,2,1,1,,1,,1,1,,1,1,1,,1,,,1,1,1,1,1,1,1,,1,2,1,1,,1,1,1,1,1,1,,1,1,1,1,,1,1,1,1,1,1,1,1,1,1,1,,1,1,,,,1,1,,,,,2,1,,,1,,1,1,1,,1,1,1,,,,1,1,1,1,1,1,1,,,1,,,1,1,,1,1,,1,1,,,,,1,1,1,,2,2,1,1,,2,,2,1,,1,1,1,1,1,1,1,2,1,1,1,,,2,1,1,,,1,o,o,o,o,s,s,n,s,s,s,o,s,1,1,0,1,1,1,1,1,1,1,1,1,1,1,1,1,0,1,1,1,1,1,0,1,0,1,1,1,0,1,0,1,1,1,1,1,0,0,0,0,0,1,0,0,1,0,0,1,1,1,1,1,12409,205,55,260,12409,1,0,W,White,16,260,69,55,58
12417,english_wg,totlot3,totlot3_16m_1.pdf,12417,17,M,2013-07-16,Mother,1,1,1,,,1,,1,,1,1,1,1,,1,1,1,1,,,,1,,,1,,1,,,,,n,n,,,,,,,,,2,,,,,,,,,,,,,,,,,,,,,,,,2,,,,,,,,,,,,,,,,,,,1,,,1,,,1,,1,1,,,1,1,1,1,,,,,1,,1,,1,,,1,,,,1,,,,1,,,,,,,,1,,1,,,,1,,,,1,,1,1,1,1,1,1,,,,,,,,,,,,1,,,,,,,,,,1,1,,1,,,,,,1,,1,,1,,,,1,,,,,,,,1,1,,,,1,1,1,1,,,1,1,1,1,1,1,1,1,1,,1,1,1,1,,,,1,,,,,1,1,1,1,,,1,1,1,1,,1,1,,,,,,,,1,,,,,,1,1,1,,1,,,,,,,1,,1,1,,,1,1,,,,,1,1,1,1,1,1,1,1,1,1,1,1,,1,,1,,,,1,,,,1,,,1,,,,1,,1,1,,1,1,1,1,,,1,,,,1,1,1,1,1,1,1,1,,,,1,,1,,1,,1,1,1,1,1,1,1,,1,1,1,1,,,,1,1,,,,,1,,,1,,1,1,1,1,1,1,1,1,,,,,,,,,,,,,,,,,,,,,,,,,,,1,1,1,1,1,,1,1,,,,,1,,,,1,1,1,,1,1,1,1,,,,,1,,,,,,o,o,o,o,o,n,n,n,o,s,o,n,1,0,0,0,0,0,1,0,0,1,0,1,1,0,0,0,0,1,0,1,1,0,0,0,0,0,0,0,0,0,0,0,0,0,0,0,0,1,1,0,1,1,1,1,0,0,0,1,1,0,1,1,12417,148,2,150,12417,1,0,W,White,16,149,25,1,5
12520,english_wg,totlot3,totlot3_16m_3.pdf,12520,17,F,2014-04-13,,1,1,1,1,1,1,,1,1,1,,1,1,1,1,1,1,1,1,1,,1,1,,1,1,1,1,1,1,,s,n,2,1,,2,2,2,2,2,,2,2,2,,2,1,1,,1,1,2,,2,,2,,2,,2,1,1,,1,1,,1,1,,,,1,,1,1,,2,1,,1,2,1,1,2,1,,1,,2,2,2,2,2,2,2,,,2,2,1,2,,,1,1,,1,,,,,1,,,1,,,,1,1,,,1,,,1,2,,1,1,1,1,1,,1,2,,,1,1,1,2,,2,,1,,1,,1,1,,1,1,1,1,1,,,1,2,2,2,1,,1,1,1,1,2,,1,,1,1,,1,,,,1,,1,,,,,,,,1,1,,,1,1,,1,1,1,,,,1,1,,1,,1,1,,,,,,,,,,,1,1,,1,,,,,,1,,1,,,2,,,,,2,1,,1,1,,,,,1,2,2,1,,,1,,,,,,2,,2,,,,2,1,1,,,,,1,1,2,,1,1,2,1,1,2,2,1,2,,1,,1,1,1,1,1,,1,,1,1,,1,1,1,,1,,,1,1,1,1,2,,1,,1,1,1,1,,1,1,,,1,1,,1,1,,,1,1,,1,,1,1,1,1,,,,,1,1,,,,,,,,,,1,,,,2,,1,,,,,,,,,,,,,,,,1,,,,,,1,,,1,,1,1,,1,,,,,1,1,,2,,,,,2,,2,1,,,,1,,,1,1,2,2,,2,2,,2,1,,,,,o,o,o,s,o,s,s,n,o,o,o,s,1,1,0,1,1,1,1,1,1,1,1,1,1,1,1,1,0,1,1,1,1,1,1,1,1,1,1,0,1,1,1,1,0,0,1,0,1,1,1,0,1,1,0,1,1,1,0,1,1,1,1,0,12520,144,58,202,12520,1,0,W,White,18,202,34,58,39
12547,english_wg,totlot3,totlot3_16m_2_5.pdf,12547,15,F,2013-10-24,,1,1,1,1,,,,1,1,1,1,1,1,1,,1,1,1,,,,1,1,,1,,1,1,1,,1,n,n,1,1,,,2,1,2,2,2,2,2,2,,,,2,,2,,2,,1,,2,,2,1,1,,,,,2,1,1,1,1,,,1,,1,1,1,,,,1,2,,,2,,,2,2,2,2,1,2,2,1,,,1,1,2,1,,,,,1,1,2,1,1,,,1,1,,2,,,,2,1,1,1,,,,1,1,,1,,,,1,,1,,,,1,1,1,1,,1,,,1,,,,1,,1,,,1,1,,,1,1,,1,,1,,1,1,1,1,,1,,1,2,,1,1,1,,,,1,1,,,,,,,,,,,,1,,1,1,,,,1,1,,,,1,1,1,,,1,1,,,,1,,,,1,,,,1,1,,,,,1,1,,1,1,,1,,,,1,,1,,,,,1,1,1,,,,1,,,,,,2,,1,1,,,2,1,,,,,,1,1,2,1,1,,2,1,1,1,2,,1,1,1,1,,,1,,,,,,,1,,1,,1,1,1,1,,,,1,2,1,1,1,,1,,1,1,,1,1,,,,1,,,1,,,1,1,1,1,,1,1,,1,,,,1,1,,,,,,,,,,,1,,,,,,,,,,,,,,,,1,,,,,1,1,,,,,,,,,,,,,1,,,,,,,1,,,,1,,,,,1,,,,,1,1,,,,,,,1,,,1,,,,,,o,o,o,o,o,o,s,n,o,o,o,s,1,0,0,1,1,1,1,1,1,1,0,1,1,0,0,0,0,1,0,1,1,0,0,0,0,0,0,0,0,0,0,0,0,0,0,0,1,0,1,0,1,1,0,0,1,1,0,1,1,1,1,0,12547,137,32,169,12547,1,0,W,White,16,170,49,29,53
12608,english_wg,totlot3,totlot3_16m_2_5.pdf,12608,14,F,2013-10-29,Mother,1,1,1,1,1,1,,1,1,1,1,1,1,1,1,1,1,1,1,1,,1,1,1,1,1,1,,1,,1,s,n,2,,,1,2,2,2,2,1,1,2,2,,1,2,2,,1,,1,1,1,,2,,1,1,1,1,1,,1,1,,1,1,1,1,,1,,,1,1,1,1,,,1,1,1,2,,,1,1,1,2,2,,1,,,,1,1,1,1,,,,1,1,1,2,,1,,1,1,1,,1,,2,1,1,1,1,1,,1,,1,2,,1,,,,1,,1,1,,,1,1,1,2,,1,1,,1,1,,1,2,,1,1,1,,1,1,1,1,2,,1,2,1,1,,1,,1,,1,,1,1,,,1,,,,,1,1,,1,,1,,1,1,1,,,,1,,1,,1,1,,1,1,1,1,1,1,1,2,1,,1,1,1,,,1,1,1,,1,,,,,1,,,1,,1,,1,1,1,,,,1,,,,1,,,,,1,2,2,,,,2,,,1,,1,1,1,1,1,,,2,1,,1,,,,1,1,2,1,1,1,2,1,1,1,2,1,1,2,1,1,1,1,1,1,,,1,,1,1,1,1,,1,1,1,1,1,1,1,1,1,1,1,1,,1,1,1,1,,1,1,1,1,1,1,1,1,1,1,,1,1,,1,1,1,1,,1,1,1,1,1,1,,,,1,,,,,,,1,,,1,1,,1,,1,,,1,,1,,,1,,,,1,1,1,1,,,,2,1,,,1,1,,1,1,1,,,,,,,,1,,,,,,,,,,,,2,1,1,1,1,1,,,1,,,1,,1,,1,,o,o,o,o,o,n,n,n,o,n,o,s,1,1,0,1,1,1,1,1,1,1,1,1,1,1,0,1,0,0,0,1,1,0,0,0,0,0,0,0,0,0,0,1,1,0,0,0,0,1,1,0,0,1,1,0,1,1,0,0,0,1,0,0,12608,209,31,240,12608,1,0,W,White,16,239,82,31,67
12612,english_wg,totlot3,totlot3_16m_2_5.pdf,12612,16,F,2013-11-21,Mother and Grandparents,1,1,1,1,1,,,1,1,1,1,1,,,1,1,1,1,1,1,,1,1,,1,1,,1,1,,1,o,o,2,2,,,2,2,2,2,2,2,2,1,,2,,2,2,,,1,,1,,2,,,2,2,,,,2,2,,,1,,,,2,,1,,1,2,,,,2,,,2,,,2,1,,2,2,,2,2,1,2,1,2,2,1,,,1,,1,2,2,,,1,2,,2,,1,,2,,2,2,,2,,,2,2,2,,1,,2,1,2,,2,1,,,1,1,1,2,,2,1,2,,2,2,2,2,,1,1,2,1,1,,,1,2,2,1,1,1,1,1,2,,,2,2,2,,2,,1,1,2,,2,,2,1,,1,,1,1,,,1,,,1,2,2,2,1,1,1,1,1,1,1,1,2,,1,2,,,,1,,,,2,,1,1,2,,1,1,,2,,1,2,,2,,,2,1,,,,,,,,2,,,1,,1,,2,,,,2,,,1,,,2,2,2,2,,,2,2,,,,,,1,1,2,1,,2,2,2,2,2,2,,2,2,2,2,1,1,2,1,1,,1,,1,1,1,1,1,1,,2,,1,,1,1,1,2,,2,,,,1,1,2,2,,1,,1,,,1,,,,1,1,,2,,,,,1,,,,2,1,1,,,1,,,,,1,,2,1,,,,,,,1,,,1,,,,,1,2,,,2,1,,,,1,,,,,,1,1,,,,1,,,,1,,,,,,,,,1,,1,,,,1,2,1,,,,2,,,2,,,1,,,,,,o,o,o,o,s,o,n,o,s,o,n,n,1,0,0,1,1,1,1,1,1,1,1,1,1,1,0,0,0,1,1,1,1,0,1,0,0,1,1,0,0,1,1,1,0,1,1,0,1,1,0,0,1,1,1,0,1,1,0,1,1,0,1,0,12612,103,106,209,12612,1,1,W,White,16,199,47,97,78
12683,english_wg,totlot3,totlot3_16m_3.pdf,12683,17,F,2014-04-16,,1,1,1,,,1,,1,1,1,1,1,,1,1,1,1,1,1,1,,1,1,,1,1,,1,1,,,o,o,1,2,1,1,2,1,1,2,2,2,2,2,1,2,2,2,2,2,2,2,2,2,2,2,1,2,2,2,2,2,2,2,2,2,2,2,1,2,2,2,,1,2,2,,1,1,2,2,2,2,2,2,2,2,2,2,2,2,,2,2,2,2,2,2,2,1,2,,,1,1,1,2,2,,,2,,1,2,1,,1,,2,1,1,,,1,,,2,,2,2,2,2,2,2,2,1,,1,2,2,2,2,1,2,,2,1,2,1,2,2,1,2,2,2,1,2,2,1,2,2,2,2,2,2,1,2,2,2,2,,2,2,,1,,2,,2,,2,,2,1,,,,2,,,,,,1,,2,2,1,1,1,,,2,1,2,2,2,1,1,2,1,,1,2,1,,,2,1,,1,2,,1,,2,,,,2,,2,1,2,2,2,,,1,2,,,2,2,,2,,2,2,2,2,,,,2,,2,,2,,2,,2,2,,,2,2,,,2,2,,2,,2,,2,1,2,1,1,2,2,,1,2,,2,1,,2,1,1,,1,,,2,1,1,2,1,,1,,,,1,2,1,2,,2,,2,2,2,2,1,2,2,,2,,2,1,2,1,2,,,1,,,1,1,1,,1,2,2,,2,1,1,,,1,,1,,,,,2,,,,,,,1,,1,,1,,1,,,1,1,,,2,,,,,,,,,,,,,,,,2,,,,1,,2,,1,,,1,,1,,1,1,,,1,2,,1,1,1,,1,,2,,,2,,,,,,o,o,o,o,o,o,n,n,s,o,n,o,1,0,0,1,1,1,1,1,1,1,1,1,1,0,1,1,1,1,1,1,1,0,1,1,0,0,1,0,0,1,1,1,0,0,1,0,1,0,0,0,1,1,1,0,1,1,0,1,1,1,1,1,12683,90,166,256,12683,3,0,W,White,18,255,54,167,86
12717,english_wg,totlot3,totlot3_16m_2_5.pdf,12717,16,M,2013-10-17,Mother,1,1,1,1,1,,,1,1,1,1,1,1,1,1,1,1,1,1,,,1,1,1,1,1,1,1,1,1,1,s,n,1,1,1,1,1,1,1,1,2,1,1,1,,,,,,,,1,,,,1,,,,,,,,,1,,,,,,,,,,,,,,,,1,1,1,1,1,1,1,1,1,1,1,1,1,1,,1,1,1,1,1,,,,,1,1,,,,1,,,,,1,,1,,1,1,,,,,,,1,,,1,,,1,,,,,,1,1,,1,,,,,,,,,,,,,,,,,,,,1,,,,,,1,,,,,,,1,,,,,,,,,,,,,,,,,,,,,,1,,,,,,1,1,1,,1,,,,,,,,,,,,,,,,,,1,,1,,,,,,,,1,,,1,,,,,,,,,,,,,1,,,,1,,,,1,,1,,1,1,,,1,1,,,,1,,1,1,2,1,1,1,2,,1,1,1,1,1,,1,,1,1,1,1,1,,,,1,1,1,1,1,1,,1,1,1,1,1,1,1,1,1,1,1,1,1,1,1,,1,1,,,,1,,1,,1,1,,,1,1,1,1,1,,1,1,,,1,1,1,,,,,,,,,,1,1,,,,,,,,,,,,,,,1,1,,,,,,,,,,,,,,,,1,,,1,,,,,,,,,,,,,,,,,,,,,,,1,1,,,,,,,1,,,,,,o,o,o,s,o,s,s,n,s,s,s,o,1,0,0,1,0,1,1,1,1,1,1,1,,1,1,,1,1,1,1,1,1,,0,1,0,0,0,0,1,0,0,0,0,0,0,1,1,,,,1,,1,1,,,1,1,1,1,0,12717,129,3,132,12717,2,1,W,White,16,136,31,7,17
12724,english_wg,totlot3,totlot3_16m_3.pdf,12724,17,M,2014-04-16,,1,1,1,1,1,,,1,1,1,1,,1,,1,,,1,1,1,,1,,,1,,1,,,,1,s,n,,1,,1,,,1,,,,1,1,1,1,,1,,,,,,,,1,,,1,,,,,1,,,,,,,,,1,,,,1,1,,,1,1,,1,,,,,,1,,,,1,,,1,1,,,,,,1,,,,,,,,1,,,1,,,,1,,,,,,,,1,,,,,1,1,,1,,,,,1,,1,,,,,1,1,,,,,,,,,1,,,,,1,,,,1,1,,,,,,,,,,,,,,,,,,,,,,,,,,,,,,,1,,,,,,,,,,,,,,,,,,,,,,,,,,,,,,,,,,,,,1,,,,,,,,,,,,,,,,,,,,1,,,,,,2,,,,,,2,,,,1,,1,1,,1,,1,1,1,,1,1,1,,,,1,,,,1,,,,1,,,,1,1,,,,1,,,,,,,,,1,,,1,,,,,,,,,,,,,,,,,,,,,,,,,,,,,,,,,,,,,,,1,,,,,,1,,,,,,,,,,,1,,,,,,,,,,,,,,,,,1,,,,,,,,,,,,,,,1,,,,,,,,,,,,,,,,,,,,,,,,o,o,o,o,o,s,s,n,o,o,s,s,1,0,0,1,0,1,0,1,1,1,0,0,0,0,1,0,0,1,1,1,1,0,0,0,0,1,1,1,1,0,0,1,0,0,0,0,1,0,1,1,1,1,0,0,1,1,0,0,1,1,0,1,12724,63,2,65,12724,2,0,W/B,Non-White,18,65,0,2,7
12737,english_wg,totlot3,totlot3_16m_2_5.pdf,12737,16,F,2013-10-22,Mother,1,1,1,1,1,1,1,1,1,1,1,1,1,1,1,1,1,1,1,1,1,1,1,1,1,,1,1,1,1,1,s,s,2,2,2,2,2,2,2,2,2,2,2,1,1,2,2,1,2,1,,2,1,1,1,2,1,2,2,1,,,,1,1,1,1,2,1,2,,2,,1,1,1,1,2,,,1,2,1,2,,1,1,1,2,2,2,1,2,2,2,,1,2,2,,,,,,,,2,,,,,,,1,2,,,,2,,,,,,,,1,2,2,,,1,1,,2,,,2,,1,1,2,,2,1,2,1,1,,2,2,1,1,1,1,1,1,,1,2,2,2,1,1,1,1,,2,,2,,1,,,1,1,,1,1,,1,,,1,,1,,,,,1,1,,,,1,1,1,,1,1,,1,1,1,1,2,,,1,,,1,1,,,,1,1,,,,,,,,1,,1,,,1,,,1,1,,,,,,,,1,,,1,,1,1,1,,1,,2,,2,,,,2,,2,2,,,2,2,,,,,,2,1,2,1,1,2,2,1,1,1,2,2,2,2,2,2,1,1,2,,1,,,,1,1,1,1,,1,1,1,1,1,,1,1,2,2,1,2,1,1,,1,1,,2,,,,,1,1,1,1,1,,1,,,,1,,,,1,2,,,2,,,,,1,,,,,,,2,,,,,,1,,,,,1,,,1,1,1,1,1,,2,2,2,,1,1,,2,,,,1,,2,1,,1,1,1,,,1,,1,,2,1,1,,1,,1,1,,,,2,2,,2,2,1,1,,2,,1,2,,1,,,,o,s,o,o,o,o,o,n,o,o,o,o,1,1,1,1,1,1,1,1,1,1,1,1,1,1,0,1,1,1,1,1,1,1,1,1,1,1,1,0,0,1,1,1,1,1,1,0,1,0,1,0,1,1,1,0,1,1,1,1,1,1,1,1,12737,139,87,226,12737,1,0,W,White,18,225,56,86,75
12828,english_wg,totlot3,,12828,16,M,,,,,,,,,,,,,,,,,,,,,,,,,,,,,,,,,,,,,,,,,,,,,,,,,,,,,,,,,,,,,,,,,,,,,,,,,,,,,,,,,,,,,,,,,,,,,,,,,,,,,,,,,,,,,,,,,,,,,,,,,,,,,,,,,,,,,,,,,,,,,,,,,,,,,,,,,,,,,,,,,,,,,,,,,,,,,,,,,,,,,,,,,,,,,,,,,,,,,,,,,,,,,,,,,,,,,,,,,,,,,,,,,,,,,,,,,,,,,,,,,,,,,,,,,,,,,,,,,,,,,,,,,,,,,,,,,,,,,,,,,,,,,,,,,,,,,,,,,,,,,,,,,,,,,,,,,,,,,,,,,,,,,,,,,,,,,,,,,,,,,,,,,,,,,,,,,,,,,,,,,,,,,,,,,,,,,,,,,,,,,,,,,,,,,,,,,,,,,,,,,,,,,,,,,,,,,,,,,,,,,,,,,,,,,,,,,,,,,,,,,,,,,,,,,,,,,,,,,,,,,,,,,,,,,,,,,,,,,,,,,,,,,,,,,,,,,,,,12828,,,,12828,1,0,W,White,17,96,16,30,49
12830,english_wg,totlot3,,12830,16,M,,,,,,,,,,,,,,,,,,,,,,,,,,,,,,,,,,,,,,,,,,,,,,,,,,,,,,,,,,,,,,,,,,,,,,,,,,,,,,,,,,,,,,,,,,,,,,,,,,,,,,,,,,,,,,,,,,,,,,,,,,,,,,,,,,,,,,,,,,,,,,,,,,,,,,,,,,,,,,,,,,,,,,,,,,,,,,,,,,,,,,,,,,,,,,,,,,,,,,,,,,,,,,,,,,,,,,,,,,,,,,,,,,,,,,,,,,,,,,,,,,,,,,,,,,,,,,,,,,,,,,,,,,,,,,,,,,,,,,,,,,,,,,,,,,,,,,,,,,,,,,,,,,,,,,,,,,,,,,,,,,,,,,,,,,,,,,,,,,,,,,,,,,,,,,,,,,,,,,,,,,,,,,,,,,,,,,,,,,,,,,,,,,,,,,,,,,,,,,,,,,,,,,,,,,,,,,,,,,,,,,,,,,,,,,,,,,,,,,,,,,,,,,,,,,,,,,,,,,,,,,,,,,,,,,,,,,,,,,,,,,,,,,,,,,,,,,,,12830,,,,12830,1,0,A/W,Non-White,17,177,51,10,22
12840,english_wg,totlot3,totlot3_16m_2_5.pdf,12840,17,F,2013-12-10,Mother,1,1,1,1,1,1,,1,1,1,1,1,1,1,,1,1,1,1,,,1,1,1,1,1,,1,1,1,,s,s,,,,2,2,1,,,2,,1,,,,1,1,,1,,1,,,,2,,1,,,,,,,2,,,,,,,,,1,,,,,,1,,,,,,,1,,,1,1,,1,2,1,,,,2,,,,,,,,1,,,,,,,,,,,,,,,,,,,,1,,,2,,,1,,,,,,1,,,2,,1,,,,1,,2,2,,1,,1,,,,,2,2,,1,,,1,,1,,,,1,,,1,,,,,,1,,,,,,,,,1,,1,,,,,1,1,,1,1,,,1,,,,,1,1,,,,,,1,,,,,,1,,,,1,,,,,,1,,1,,1,,,,,,,,1,,1,,,1,,1,,,,2,,,,,,2,,2,2,,,2,1,,,,,,1,,2,,1,,2,,1,1,2,,1,,,,1,,1,,,,,,,,,1,,1,,1,,,,,,1,,,1,,,,1,,,,,,,,1,,,,,,,,,,,,,,,,,,,,,,,,1,1,,,,,1,,,,,,,,,,,,,,,,,,,,2,1,,,,,,,,,,,,,,,,,,,,,,,,,,,,,,,,,,,,,,,,,,,,,,,,,,,,s,s,o,s,o,s,n,n,s,o,n,n,0,0,0,1,0,1,1,1,1,1,1,1,1,1,0,1,0,1,1,1,1,0,0,1,1,1,0,0,1,1,1,1,0,0,0,0,1,1,1,0,1,1,1,1,1,1,0,0,1,0,0,1,12840,66,22,88,12840,1,0,A/W,Non-White,16,90,0,21,13
12878,english_wg,totlot3,,12878,16,F,,,,,,,,,,,,,,,,,,,,,,,,,,,,,,,,,,,,,,,,,,,,,,,,,,,,,,,,,,,,,,,,,,,,,,,,,,,,,,,,,,,,,,,,,,,,,,,,,,,,,,,,,,,,,,,,,,,,,,,,,,,,,,,,,,,,,,,,,,,,,,,,,,,,,,,,,,,,,,,,,,,,,,,,,,,,,,,,,,,,,,,,,,,,,,,,,,,,,,,,,,,,,,,,,,,,,,,,,,,,,,,,,,,,,,,,,,,,,,,,,,,,,,,,,,,,,,,,,,,,,,,,,,,,,,,,,,,,,,,,,,,,,,,,,,,,,,,,,,,,,,,,,,,,,,,,,,,,,,,,,,,,,,,,,,,,,,,,,,,,,,,,,,,,,,,,,,,,,,,,,,,,,,,,,,,,,,,,,,,,,,,,,,,,,,,,,,,,,,,,,,,,,,,,,,,,,,,,,,,,,,,,,,,,,,,,,,,,,,,,,,,,,,,,,,,,,,,,,,,,,,,,,,,,,,,,,,,,,,,,,,,,,,,,,,,,,,,,12878,,,,12878,3,0,W,White,16,268,72,37,42
12959,english_wg,totlot3,totlot3_16m_2_5.pdf,12959,17,F,2013-11-19,Mother,1,1,1,1,1,1,1,1,1,1,1,1,1,1,1,1,1,1,1,1,1,1,1,1,1,,1,1,1,1,1,,o,2,2,2,2,2,2,2,2,2,2,2,2,2,2,2,2,2,2,2,2,2,2,2,2,2,2,2,2,2,2,2,2,2,2,2,2,2,2,2,2,2,2,2,2,2,2,2,2,,2,2,2,,,2,2,2,2,,,2,2,2,2,2,2,2,2,2,,,2,,,2,2,2,2,2,2,2,2,,,2,2,2,2,2,2,,,2,2,2,,2,2,2,2,2,2,2,2,2,2,2,2,2,2,2,2,2,2,2,2,2,2,2,2,2,2,2,2,2,2,2,2,2,,2,2,2,2,2,2,2,2,,2,2,2,2,1,1,2,2,,2,2,2,2,2,2,2,1,2,2,2,,,1,2,2,2,2,,,,2,1,2,2,2,2,,2,2,1,,,2,2,2,,,2,,,2,2,2,,2,,,,2,,2,2,2,2,2,,,2,2,,,,2,,,2,2,2,2,2,,,,2,,2,2,,,2,2,2,2,2,2,2,2,,2,,,,2,2,2,2,2,2,2,2,2,2,2,,2,2,2,2,2,2,2,,1,,2,1,,,1,1,,2,,2,1,1,,1,1,1,2,,2,,2,,2,1,1,2,2,,2,1,2,1,2,1,1,1,1,1,1,,1,,1,1,,1,,,2,1,,,,,,,,,,,2,1,,2,2,,1,,2,,1,2,,1,,,2,2,1,,2,1,,,,,,,1,,,,,1,,2,,1,,1,,1,,,2,2,,1,1,1,,1,1,,,,,2,2,,,,,,,,,,,1,,,,o,o,o,o,o,s,n,n,n,o,o,o,1,0,1,1,1,1,1,1,1,1,1,1,1,1,0,1,0,1,1,1,1,0,0,0,0,1,1,1,0,0,0,1,1,0,1,0,0,1,0,0,1,1,0,0,0,1,0,0,0,0,0,0,12959,47,228,275,12959,1,0,W,White,16,276,63,229,93
12971,english_wg,totlot3,,12971,15,F,,,,,,,,,,,,,,,,,,,,,,,,,,,,,,,,,,,,,,,,,,,,,,,,,,,,,,,,,,,,,,,,,,,,,,,,,,,,,,,,,,,,,,,,,,,,,,,,,,,,,,,,,,,,,,,,,,,,,,,,,,,,,,,,,,,,,,,,,,,,,,,,,,,,,,,,,,,,,,,,,,,,,,,,,,,,,,,,,,,,,,,,,,,,,,,,,,,,,,,,,,,,,,,,,,,,,,,,,,,,,,,,,,,,,,,,,,,,,,,,,,,,,,,,,,,,,,,,,,,,,,,,,,,,,,,,,,,,,,,,,,,,,,,,,,,,,,,,,,,,,,,,,,,,,,,,,,,,,,,,,,,,,,,,,,,,,,,,,,,,,,,,,,,,,,,,,,,,,,,,,,,,,,,,,,,,,,,,,,,,,,,,,,,,,,,,,,,,,,,,,,,,,,,,,,,,,,,,,,,,,,,,,,,,,,,,,,,,,,,,,,,,,,,,,,,,,,,,,,,,,,,,,,,,,,,,,,,,,,,,,,,,,,,,,,,,,,,,12971,,,,12971,1,0,W,White,16,238,73,34,57
12971,english_wg,totlot3,totlot3_18m_4.pdf,12971,18,F,2015-01-26,Mother,1,1,1,1,1,1,1,1,1,1,1,1,1,1,1,1,1,1,1,1,1,1,1,1,1,1,1,1,1,1,1,o,o,2,2,1,2,2,2,2,2,2,1,2,2,1,2,1,2,2,2,2,2,2,2,1,2,2,2,2,2,2,1,1,2,2,1,2,2,1,2,1,2,1,2,1,1,2,2,1,2,2,1,1,2,1,2,1,2,2,2,2,2,2,2,2,1,2,2,2,2,1,1,2,2,2,2,2,2,2,2,2,2,2,2,2,1,2,1,2,2,2,2,2,2,2,1,2,1,2,2,2,1,2,2,2,2,1,2,2,2,2,2,1,2,2,2,2,1,2,2,2,2,2,2,2,2,2,2,2,2,2,2,2,2,2,2,2,2,1,1,1,2,1,1,2,1,2,1,2,2,2,1,2,1,1,2,1,2,2,2,2,2,1,1,1,2,1,2,2,2,1,1,1,2,2,1,2,2,2,2,1,1,1,1,1,2,1,2,1,1,1,1,1,1,1,1,1,1,1,2,2,1,2,2,2,2,2,1,1,2,1,1,1,2,1,1,2,2,1,2,2,1,1,1,2,1,2,2,1,1,2,2,2,2,2,2,2,1,1,1,1,1,1,2,1,2,1,1,2,2,1,1,2,2,1,2,2,2,1,1,1,2,1,1,1,1,1,1,1,1,2,2,2,1,2,1,1,1,1,1,2,1,1,1,1,1,1,1,1,1,1,1,1,1,1,2,1,1,1,1,1,2,2,1,1,2,1,1,1,1,1,1,1,2,1,1,1,1,1,1,1,1,1,1,1,2,1,2,2,1,1,1,1,2,1,2,2,1,1,1,1,1,1,2,1,1,1,1,1,1,1,1,1,1,1,1,1,1,2,1,1,2,,,,,2,2,,,,1,,,,,1,1,,,1,2,2,2,1,1,2,,1,2,2,,2,1,1,1,1,2,o,o,s,o,o,o,o,s,s,o,s,s,1,1,1,1,1,1,1,1,1,1,1,1,1,0,1,1,0,1,1,1,1,0,0,1,1,1,1,0,1,1,0,1,1,1,1,1,1,1,1,0,1,1,0,1,1,0,0,0,1,1,1,,12971,187,194,381,12971,1,0,W,White,16,381,94,198,84
12973,english_wg,totlot3,totlot3_18m_4.pdf,12973,18,M,2014-12-08,Mother,1,1,1,,,,,1,,1,1,,,,,1,,,1,,,1,,,,,,,1,,,n,n,,,,,,,,,1,,,1,,,,,,,,1,,1,,1,,,,,,,,1,,,,,1,,,,,,,,1,,,,,,,1,,,,,,1,,1,1,,,,,,,,,,,,,,,,,,,,,,,,,,,,,,,,,,,,,,,,1,,,,,,,,,,,,,,,,,1,1,,1,,,,1,,,1,1,,,,,1,,1,,,,,,,,,,,,,,,1,,,,,,,,,,,,,,,1,,,,,,,,,,,,1,,,,,,,,,,,,1,,,,,,,,,,,,,,,,,,,,,,,,,,,,1,1,,,,,,1,,,,1,,,,,,1,1,,,,,,,,1,,,,,,,,,,1,,,,,,,,,,1,,,1,,,,,,,,,,1,1,1,,,,,,,,,,1,,,,,1,,,,,,,,,,,,,,1,,,,,,,,,,,,,,,,,,,,,,1,,,,,,,,,,,,,,,,,,,,,,,,,,,,,,,,,,,,,,1,,,,,,,,,,,,,,,1,1,,,,,,,,,,,,,o,o,o,o,o,o,n,n,o,n,n,n,1,,0,1,1,,1,1,0,1,0,0,1,1,0,0,0,1,0,1,1,0,0,0,0,1,0,0,0,0,0,1,0,0,0,0,0,1,1,0,1,1,0,0,0,0,0,0,1,0,0,0,12973,45,0,45,12973,1,0,W,White,18,45,0,0,0
12973,english_wg,totlot3,totlot3_16m_3.pdf,12973,13,M,2014-07-20,Mother,1,1,1,,,,,1,,1,1,,,,1,,,,,,,,,,,,,,1,,,s,n,,,,,,,,,,,,,,,,,,,,,,,,,,,,,,,,,,,,,,,,,,,,,,,,,,,,,,,,,,1,,,1,,,,,,,,,,,,,,,,,,,,,,,,,,,,,,,,,,,,,,,,,,,,,,,,,,,,,1,,,,,,,,,,1,,,,,,,,,,,,,,,,,,,,,,,,,,,,,,,,,,,,,,,,,,,,,,,,,,,,,,,,,1,,,,,,,,,,,,,,,,,,,,,,,,,,,,,,,,,,,,,,,,,,,,,,,,2,,,,,,2,,,,,,,,,1,,,,,,,,,,1,,,,,,,,,,,,,,,,,,,,,,,,,,,,,,,,,,,,,,,,,,,,,,,,,,,,,,,,,,,,,,,,,,,,,,,,,,,,,,,,,,,,,,,,,,,,,,,,,,,,,,,,,,,,,,,,,,,,,,,,,,,,,,,,,,,,,,,,,,,,,,,o,o,s,s,o,o,n,n,o,n,o,n,1,1,0,1,1,1,1,1,0,1,0,0,0,0,0,0,0,0,0,1,1,1,0,0,0,0,0,0,0,0,0,0,0,0,1,0,0,1,1,0,0,1,0,0,0,1,0,0,0,0,1,,12973,7,2,9,12973,1,0,W,White,18,9,0,2,40
13044,english_wg,totlot3,totlot3_16m_3.pdf,13044,15,F,2014-06-19,Mother,1,1,1,1,,1,,1,,1,1,1,1,1,,1,,1,,1,,1,1,,1,,1,,,,,o,s,,,,,,,2,2,2,2,,2,,2,,,,1,,,,,,1,,,,,1,,,,,,,,,1,,,,,,,,,,,,,,1,,,1,,,2,,,,,,,,,2,,,,,,,1,2,,,,2,,,,1,,,,2,1,,,,,,,1,,,,,,,,,,,1,,,,2,,1,,,,1,,,1,,,,,,,,,,1,,1,,,,,1,,,,,,,,,,,,,,,,,,,,,,,,1,,,,,1,1,,,,,,,,,,,,,,,,,,,,,,,,,,,,,,,,,,,,,,,,,,,,,,,,,,,,,,,,,2,,,,2,,2,,2,2,,,2,1,,,,,,,,2,,2,,2,,,,2,,1,,,,,,1,,,,,,,,,,,,,1,,,,,,,,,,,,,1,,,,,,,,,,,,,,,,,,,,,,,,,,,,,,,,,,,,,,1,,,,,,,,,,,,,,,,,,,,1,1,,,,,,,,,,,,,,,,,,,,,,,,,,,,,,,,,,,,,,,,,,,,,,,,,,,,s,o,o,s,o,o,n,n,o,o,o,o,1,0,0,1,0,1,0,0,0,1,1,1,1,1,0,1,0,1,0,1,1,0,1,0,0,1,1,1,0,1,0,1,1,0,0,0,0,1,0,0,0,1,0,0,1,1,0,0,0,0,1,,13044,28,22,50,13044,2,0,W,White,16,50,7,22,44
13061,english_wg,totlot3,totlot3_16m_3.pdf,13061,16,F,2014-07-28,Mother,1,1,1,1,1,1,,1,1,1,1,1,1,1,1,1,,1,1,1,1,1,1,,1,1,1,1,1,1,1,s,o,1,1,1,1,1,2,,1,2,2,2,1,,,1,1,,,1,1,1,1,,1,,1,1,1,1,1,1,1,1,1,1,1,1,1,1,1,,1,1,,1,,,1,1,,,1,,,1,1,,1,1,1,1,1,1,,1,,1,1,,,,,1,,1,1,,1,,,,1,1,1,,1,1,,1,1,,,,1,1,,1,,,,1,1,,,,,1,1,1,1,,1,,1,,1,1,1,1,,1,1,1,1,1,1,,1,1,,1,1,,1,1,1,1,1,1,,,,1,1,1,1,1,1,1,,1,,1,,,1,1,1,,1,,,,,1,1,1,,1,,1,1,1,,1,1,,1,1,,1,1,,,,,1,1,1,,1,,1,,1,,,1,1,1,,1,1,1,,1,,1,,,1,1,,,,1,1,1,1,,,,,,,1,,,1,1,1,1,1,1,1,1,1,,,,1,1,1,1,1,1,1,1,1,1,1,1,,1,1,,1,1,1,1,1,1,,1,,1,1,1,1,1,1,1,1,1,1,1,1,1,1,1,1,,1,1,1,1,1,1,1,1,1,1,1,1,1,1,1,1,1,1,1,1,1,1,1,1,1,1,1,1,1,1,1,1,,,,,1,1,,,,1,,,1,,,1,1,1,1,1,1,1,1,1,,1,1,1,1,1,1,,,,1,,,1,,,1,1,1,1,1,1,1,1,,1,1,1,1,1,1,1,1,1,1,,1,1,,1,1,1,1,1,1,1,1,1,1,1,,1,1,,1,,,1,o,o,o,o,o,s,s,n,n,o,n,n,1,0,0,1,1,1,1,1,1,1,0,1,1,0,0,0,0,1,1,1,1,1,0,0,0,0,0,0,1,0,0,1,0,0,0,0,1,1,1,0,1,1,1,1,1,0,0,1,1,1,1,,13061,269,4,273,13061,1,0,A/W,Non-White,16,263,70,4,9
13069,english_wg,totlot3,totlot3_16m_3.pdf,13069,15,M,2014-07-14,Father,1,1,1,1,1,1,1,1,1,1,1,1,1,1,1,1,1,1,1,1,1,1,1,1,1,1,1,1,1,1,1,s,n,,1,,,1,2,2,1,2,1,1,1,1,,1,1,,1,1,1,,,,2,,,,1,,,,1,1,,,,1,,,1,,1,,,1,,,,,,1,2,,,1,1,1,2,1,1,2,1,,1,1,1,1,1,,,,1,1,1,1,1,,1,,1,1,,1,,2,,2,,,1,,,,,1,,,,1,,1,,1,1,,,,1,1,1,1,1,,1,,1,1,1,1,1,1,1,1,1,1,1,1,1,1,2,1,1,,1,1,2,1,1,,,,,,,1,,1,,1,1,1,,1,1,1,,1,,1,,,1,,,1,1,,1,,1,1,,1,1,1,,,1,1,,,1,1,,,1,1,,1,,,1,1,1,,,,1,,1,1,,,1,,1,,1,,,1,,,,1,1,,1,1,,,1,,,1,1,,,2,,1,,1,1,2,1,1,,1,,,1,1,2,,1,,2,,,1,2,,2,1,1,1,,1,2,1,,,1,,,1,1,1,1,1,,1,,,,1,1,1,1,,1,1,,,1,1,1,1,1,1,1,1,1,,1,,1,1,,,1,,1,1,,,1,1,1,,1,,,,1,,1,1,1,,,,1,,1,1,,1,1,,1,,,1,,,,,,1,1,,1,1,1,1,,,,,1,,,1,1,,1,1,1,,,1,1,1,1,2,1,1,1,1,,2,,1,2,1,,1,1,,1,1,1,2,,1,1,1,,1,1,,,1,,o,o,o,s,o,o,s,n,s,n,s,s,1,1,0,1,0,1,1,1,1,1,0,0,1,0,1,1,0,1,1,1,1,0,0,0,1,0,0,0,0,1,0,1,0,0,0,0,0,1,1,0,1,1,1,0,1,1,0,1,1,0,1,,13069,206,22,228,13069,1,0,B/W,Non-White,13,228,80,22,60
13073,english_wg,totlot3,totlot3_16m_3.pdf,13073,16,M,2014-05-19,Mother,1,1,1,,,,,1,1,1,,1,,,1,1,1,1,1,1,,1,,,1,,,,,,,s,s,,,,1,1,,1,1,,1,1,1,,1,,2,,,,1,,,,2,,2,2,,,,,,,,2,,1,,,,,,,,,1,,,1,,,2,,,,,,2,1,,2,1,2,,,,1,,,,,,,,1,,,2,,,,,,,,,2,,,,,1,,,2,,,,,,1,,,,,,,,,1,,,,,1,1,,1,1,,1,1,1,1,1,1,,,1,1,1,,,1,,,,,,1,,,,,,,,,,,,,,,,,,,,,,,,,,1,,,,,1,1,,,,,,1,,,,,,,,,,,,,,,,,,1,,,,,,1,,1,,1,,1,,,,,,,,,1,,1,,,,2,,,2,2,,2,,,,,,2,,,,2,,,2,,2,,,,1,,,1,1,1,1,,1,2,,1,1,,,,,,,1,,,,,,,,,,,,2,,,1,,,,1,,,1,,,,,,,1,,,,,,,,,,,,1,,1,,,,,,,,,,,,,,1,,,,2,,,,,,,,,,,,,,,,,,,,,,,,,,,,,,,,,,,,,,,,,,,,,,,,,,,,1,,1,,,1,1,1,1,,,2,,,,,,o,o,o,o,o,o,o,o,o,o,o,n,1,1,0,1,0,1,1,1,1,1,0,1,0,0,1,0,0,1,1,1,1,1,1,0,0,0,0,0,1,0,0,1,0,0,0,0,0,0,1,1,1,1,0,0,1,0,0,0,1,1,1,,13073,67,24,91,13073,2,0,A,Non-White,16,90,15,23,38
13079,english_wg,totlot3,totlot3_16m_3.pdf,13079,16,M,2014-08-03,Mother and Father,1,1,1,,,,,1,1,1,1,1,,1,,1,,,1,,,,,,1,,,,,,,s,s,,,,,,1,,,,,,,,1,,2,1,,,1,1,2,2,2,,2,,2,,2,,,,,,1,1,,,,,,,1,,,,,,,,2,,,,,,2,1,,2,2,,2,,,1,1,,,,,,,1,,,,2,,,2,,,2,,2,2,,2,,,,,,,,,,,1,,,,,,,,,2,,2,,,1,1,,1,2,,1,,1,1,1,,1,,1,,2,,1,,1,1,1,,,1,,,,,,,1,,2,,2,,,,,,,,,,,,,,,1,,,,,,,,,,,,2,,,,,,,,,,,,,,,,,,,,1,,2,,2,,1,,2,,1,,,,,,2,,,,2,,,,,2,,,,,,2,,,,,,2,1,,,,,,2,1,,1,,,1,,,,2,,,,,,,,1,,,,1,,,,,1,,,,1,,,,1,1,,,,,,,1,,,,,,,,,,,,1,,,,,,,,,,,,,1,,1,,,,,,,,,,,,1,,,,2,,,,,,,,,,,,,,,,,,,,,,,,,,,,,,,,,,,,,,,,,2,,,,,,1,,,,,2,,,,,,,,2,,,2,,,,,,o,o,o,s,s,o,s,n,s,n,n,n,1,1,0,0,0,1,1,1,1,1,1,0,1,0,0,0,0,0,0,1,1,0,0,0,0,0,0,0,0,0,0,1,0,0,1,0,0,0,1,0,1,1,0,0,1,0,0,1,1,0,1,,13079,48,40,88,13079,1,0,A/W,Non-White,17,85,14,41,66
13081,english_wg,totlot3,totlot3_16m_3.pdf,13081,16,F,2014-05-22,Mother,1,1,1,1,1,,,1,1,1,1,1,1,1,1,1,1,1,1,,1,1,1,1,1,,1,1,1,,1,o,o,2,2,2,,2,2,2,2,2,,2,,2,2,1,,,,,,,2,,2,,1,,2,2,,,2,2,2,,2,,2,,2,,,2,,2,,,,,,,2,,,2,1,,2,2,2,2,2,2,,,2,2,,,,,,2,2,2,2,,,2,2,2,2,,,,,2,2,2,2,,,,,2,,1,,,,2,2,2,2,,,2,2,2,2,,2,,1,2,2,,2,2,2,2,2,2,2,2,,2,2,2,2,2,2,,2,2,2,1,1,2,2,,,2,,,,,,2,,,,,1,,1,,,,,,,,2,2,1,,,,,1,,1,,1,,1,,1,,1,1,,,,2,,,,,,1,1,,1,1,,2,,2,,2,2,1,,,,,2,,,1,,2,,,,,2,2,,,2,,,,,,2,,2,2,,,2,1,,,1,,,1,1,1,1,1,2,2,1,1,2,2,,2,2,2,2,,2,2,,1,,,,1,2,1,2,,2,1,1,2,,2,,,2,2,1,2,,1,1,2,,,2,1,1,1,1,1,2,,1,,1,1,1,2,,1,,,,1,2,2,,1,1,2,,,,,,,,,,2,,,1,,,,,,,1,2,,,,,2,,2,,2,1,,,,,,,,,,2,1,,,1,,,,,2,,,,,2,2,,,,,,,,,,2,,2,2,,2,,,,,,,,,,,,o,o,o,o,o,o,s,s,s,o,o,s,1,1,1,1,1,1,1,1,1,1,1,1,1,1,1,1,0,1,1,1,1,1,1,1,1,1,0,0,0,1,1,1,1,0,0,1,1,0,1,0,0,1,0,0,1,0,0,1,1,0,0,,13081,58,132,190,13081,2,0,A/W,Non-White,18,190,43,132,87
13094,english_wg,totlot3,totlot3_16m_3.pdf,13094,14,M,,Mother,1,1,1,1,,,,1,,1,,1,,,,1,,1,1,,,1,,,1,,1,,,,,s,n,1,1,,,,,1,,,,1,1,,,,,,,,1,,,,,,,,,,,,,,,,,,,,,,,,,,,,,1,,1,1,,,1,1,1,1,,,1,1,1,,,1,1,,,,,,1,1,,,,1,1,,,,,,1,,,,,,1,,,,1,,,,,,1,,,,,,,,,1,,1,,,1,,,,1,1,1,1,,,1,,,,1,,,1,,,,,,,,,,,1,,1,,,,,,,,,,,,,,,,,,1,,,1,,,1,,1,,1,,1,,,1,,,,,,,,1,,,,,,,,,,,,,,1,,,1,1,,,,,,,,,,,,1,,,1,,,,1,,,,1,,1,,1,,,,1,1,,,1,,,,1,1,,,1,,,,1,,,,,,,,,1,1,,,,,1,,,,,,,1,,1,,1,1,,,,1,,,,1,,,,,,,,,,,,,,,,,,1,,,,,,1,,,,,,,,,,,,,,,,,,,1,,,,,,,,,,,,,,,,,1,,,1,,,,,,,,1,,,1,,,,,,,1,,,,,,,,,,,,,1,,,1,1,,,,1,,,2,,,,,,o,o,s,o,o,s,n,n,o,s,n,s,1,0,0,1,1,1,1,1,1,1,1,1,1,0,1,1,0,1,0,1,1,0,1,1,1,0,1,1,0,1,0,1,0,0,0,0,1,1,1,0,0,1,0,0,1,1,0,1,1,0,1,,13094,83,1,84,13094,3,1,B/W,Non-White,18,84,33,1,20
13096,english_wg,totlot3,totlot3_16m_3.pdf,13096,16,F,2014-06-03,Mother,1,1,1,1,1,1,,1,,1,1,1,,1,1,1,,1,,1,1,1,1,1,1,1,1,1,1,,,n,n,1,1,1,1,1,1,1,1,2,1,1,1,,,,1,1,1,1,1,1,,,1,,,1,1,1,1,,,1,1,1,1,1,1,,1,,1,1,1,1,1,,1,1,,1,1,1,1,1,1,1,1,1,1,1,1,1,1,1,1,1,,,1,,1,1,,1,1,1,,1,1,1,1,1,,1,1,1,,1,1,,1,,,1,,,1,1,,1,,1,,1,1,1,1,1,1,1,1,1,1,1,1,,1,1,1,1,1,1,1,1,1,1,1,1,1,,1,,1,1,,1,1,1,1,,1,1,1,1,1,1,1,1,1,1,1,,1,,1,1,1,1,1,1,1,1,1,1,1,1,1,1,,1,1,1,1,,1,1,1,1,,1,1,1,1,1,1,1,,1,1,1,1,1,1,,1,,1,1,1,1,1,1,1,1,1,1,1,,1,1,1,,1,1,1,1,1,1,1,,1,1,,,,,1,1,,1,1,,,1,1,,,,,1,1,1,1,1,1,1,1,1,1,1,1,,1,1,1,1,1,1,1,,1,1,1,1,1,1,1,1,1,1,1,1,1,1,1,1,1,1,1,1,1,,1,1,1,1,,1,1,1,1,1,1,1,1,,1,1,,1,1,1,1,1,1,,1,1,1,,1,1,1,,1,1,1,1,,,,1,1,1,1,1,1,1,1,1,1,,1,1,1,1,1,,1,1,1,1,1,1,1,1,1,1,,1,1,,1,1,1,1,1,1,1,,,,,,,,,,,,,,1,,,,,1,1,1,1,1,1,1,1,1,1,,,,1,,,,,o,o,o,o,o,n,n,n,s,s,s,n,1,0,0,1,0,1,1,1,1,0,1,0,1,1,1,0,1,1,1,1,1,1,1,0,1,0,0,1,0,0,0,1,1,1,1,0,1,1,1,0,1,1,1,1,1,1,0,1,1,1,0,,13096,300,1,301,13096,1,0,W,White,12,301,92,1,5
13128,english_wg,totlot3,totlot3_16m_3.pdf,13128,16,F,2014-05-06,,1,1,1,1,1,1,1,1,1,1,1,1,,1,,1,1,1,,,1,1,1,,,,1,1,1,,,o,s,,2,,2,2,,,,2,,2,2,,,,,,,,2,,,,2,,,,,,,,,2,,,,,,,,,,,,,,,,,,,1,,,1,,,1,,,2,,,,1,1,1,,,,,,1,1,,,,,1,,,1,1,,,,2,1,,,1,,1,,1,,,,,,1,,,,,,,1,1,2,,,,,,,,,,,,,,,,,,,,,,,,,,1,,,,,,,,,,,,,,,,1,,,,,,,,,,,,,,1,,,,,,,1,,,,1,,,,1,,,,,,,,,,,,,,,,,,,,,,,,,,,,,,,,,,,,,,,,,,,,1,,,,2,,,1,1,1,2,1,,,,,,,,2,,,,1,,,1,2,,,,,2,,,1,,1,,1,,,,,,,1,,1,,1,,,1,,,,,,,,,,,,,,,,,,,,,,,,,,,,,,,,,,,,,,,,,,,,,,,,,,,,,,,,,,,,,,1,1,,,,,,,,,,,,,,1,,,,,,,,,,,,,,,,,,,,,,,,,,,,,,,,,,,,,,,,,,o,o,o,o,o,o,s,n,o,n,s,s,1,1,0,1,0,1,1,1,1,1,1,1,1,0,1,1,0,1,1,1,1,1,1,0,0,0,0,0,0,0,0,1,0,0,0,0,1,1,1,1,0,1,0,0,1,1,0,1,1,1,1,,13128,41,17,58,13128,1,0,W,White,18,58,0,18,22
13131,english_wg,totlot3,totlot3_16m_3.pdf,13131,14,M,2014-06-21,Mother,1,1,1,1,,,,1,1,1,1,1,,1,,1,,1,1,1,,1,,,1,1,1,,1,,,s,s,,1,,,,,2,,2,,2,,1,,1,2,,1,,1,,,,2,,,,2,,,,,1,,,,,,,,,1,,,1,,,,1,,,1,,,1,1,1,2,2,2,2,2,1,,1,,1,1,,,,,,1,,,,,,1,1,1,1,,1,,1,,,,,1,,1,1,,,,1,,1,,2,,,,1,1,1,2,1,2,,,,1,,1,1,,2,1,1,1,1,,,,1,1,1,,,1,1,1,,,1,1,,,1,,1,,,1,1,,1,,,,,,1,1,,,,,,1,,,,1,1,,1,1,1,1,1,1,,1,,1,,,,1,,1,1,,,,,,1,,,,,1,,,,1,1,1,,,,,,1,,,,,,,,2,1,,,,2,,,,1,,2,,1,,,,1,1,,,,,,1,1,2,,1,1,2,,,1,1,,1,,1,2,1,,2,1,1,,1,,1,,,1,,,,2,,1,,1,1,2,,1,,,,,2,,,,,1,1,,1,1,,,,1,,,,,,,1,,2,,,,1,,,,,,,,,,,,1,,,,,,1,,1,,,1,,,,,,,,,2,1,,,,,,,,,,,,,1,,2,,,,,,1,,,2,1,,,1,,,1,,,,,,,1,1,,,,1,,,1,,,,,,o,o,o,s,o,o,o,n,o,n,o,n,1,0,1,1,0,1,1,1,1,1,0,1,1,0,1,1,1,1,1,1,1,0,0,1,1,0,0,0,0,1,0,1,1,0,0,1,1,0,1,0,1,1,1,0,1,1,0,0,0,1,1,,13131,119,29,148,13131,2,0,W,White,14,148,66,27,77
13142,english_wg,totlot3,totlot3_16m_3.pdf,13142,15,F,2014-06-26,Mother and Father,1,1,1,,,,,1,1,1,1,1,1,1,1,1,1,1,1,1,,1,1,1,1,1,,1,1,1,1,s,s,2,,,2,1,2,1,1,1,2,2,,,1,2,1,,1,1,1,1,1,,2,,1,,1,1,1,1,1,1,,,,1,,,,,,1,1,1,,,1,1,1,,1,,,1,1,1,2,1,1,1,2,1,,1,1,2,,,,,,,1,1,,,1,1,1,,1,1,,1,,1,,1,1,1,1,,,1,,1,,1,,1,1,1,,,1,1,1,1,1,1,1,,1,,1,1,1,1,,1,,1,1,1,1,1,1,1,1,1,1,1,1,1,,1,,,1,,,1,,1,,1,1,1,1,1,,,1,,1,1,1,1,1,,,1,1,1,1,1,1,,1,,1,,,1,,,1,1,,,,,1,,1,,,1,1,,1,,,,,,1,,,,,1,,,,,1,1,1,,1,,,,,1,1,1,,,,2,,,,2,,2,,1,1,,,2,1,,1,,,,1,1,1,1,1,1,1,1,1,1,1,1,1,1,,1,1,1,1,1,1,,1,1,1,1,,1,1,1,1,1,,,,1,1,1,,1,1,,,1,1,1,1,1,1,,,1,1,1,1,1,1,1,,1,1,1,,,1,,1,1,1,1,1,1,1,,,,,,,,,,1,1,,1,,,,,,1,,1,,1,,,1,,1,,1,,,,,,,1,,,,,1,,,1,1,,,,,,1,1,,1,,1,,1,,1,1,,,,1,1,1,1,1,,1,,1,,,1,,,,,,o,o,o,o,o,n,n,n,s,s,n,n,1,1,1,1,1,1,1,1,1,1,1,1,1,1,1,1,1,1,1,1,1,1,1,0,0,0,0,0,0,0,1,1,0,0,0,0,0,1,1,0,1,1,0,1,1,1,1,1,1,1,1,,13142,210,14,224,13142,2,1,A/W,Non-White,17,223,68,14,32
13151,english_wg,totlot3,totlot3_16m_3.pdf,13151,17,F,2014-08-01,Mother and Father,1,1,1,1,1,1,,1,1,1,1,1,1,1,1,1,1,1,1,,,1,1,1,1,1,,1,1,,1,s,n,,,,2,1,2,1,2,2,,1,1,,1,,1,1,,1,1,1,1,,2,,1,1,1,,1,,1,,,1,1,,,,1,1,1,,,1,2,,1,1,1,1,1,,,1,,1,1,1,,1,1,,1,1,,1,,,,,,,,,,,,,1,1,,1,1,1,,,,,,,,,,1,,1,1,1,1,1,1,1,1,,1,1,1,1,1,,1,,1,1,1,1,1,1,1,1,1,1,1,1,1,,1,1,,1,1,1,1,1,,1,,,1,1,1,1,,,1,,,1,,1,,,,,1,,,,1,,,,,1,1,,,,1,1,1,1,1,1,,1,1,,,1,1,,,,1,1,,,1,,,1,,1,1,1,1,1,1,,1,1,1,,1,,,,,,1,,,,1,1,1,1,,1,1,1,,,1,,,2,1,2,2,,,2,1,,,,,1,1,1,1,,1,1,1,,1,,2,1,1,1,,1,,1,1,1,1,,1,1,1,1,1,1,1,1,,1,1,1,1,1,1,2,1,,1,,1,1,1,1,1,1,,,,1,1,1,1,1,1,,1,1,1,1,1,1,1,1,1,1,1,1,1,,,,,,,,,,,,1,1,,1,1,,1,1,1,,,1,,,,,1,,1,,1,1,,,,,,,1,,,1,1,1,1,1,1,,,1,1,1,,1,1,,1,,,1,,,,1,,,,1,,,,,,,1,,,1,,,,,,o,o,o,o,o,o,o,n,o,o,n,o,1,1,1,1,0,1,1,1,1,1,1,1,1,0,0,1,0,1,1,1,1,0,0,0,0,1,0,0,0,0,0,1,0,0,0,0,0,1,0,0,1,1,0,1,1,1,0,0,1,0,1,,13151,210,12,222,13151,1,0,W,White,16,222,41,12,10
13191,english_wg,totlot3,totlot3_16m_3.pdf,13191,16,F,2014-08-04,Mother,1,1,1,1,1,1,,1,1,1,1,1,1,1,1,1,1,,1,,,1,1,1,1,1,1,,1,,1,s,n,,,,,1,,1,,1,,2,1,1,,,2,,1,,1,,1,,2,,1,,2,,,,1,1,,,1,,,,,,,,,,,,,1,1,,1,,,1,,,1,,1,1,,,1,1,1,1,,,,1,1,1,,,,,1,,1,1,1,1,1,1,,1,1,1,,,,,,1,,,,,,1,1,1,,,,,,1,1,,1,,,,1,,,,,1,,,1,1,,,1,1,,1,,,1,,,1,,,,,,1,,,,,,,,1,1,,1,,,,,,,,,,1,1,,,1,,,1,1,1,,1,1,,,,,,1,,,,,1,,,,,1,,,1,,,,,1,,,1,,,1,,,1,,,,,1,,,1,,1,,,,1,,1,,1,,1,,1,1,,,1,1,,,,1,1,1,,1,,1,1,1,,1,,1,,1,1,,1,1,,1,1,1,,1,,1,1,,1,1,1,1,1,,1,,1,1,1,,1,1,,,,,1,1,1,1,,,1,1,1,,,,1,,1,,1,1,1,1,,,,,,1,,,,,,,,1,,,,1,,,,,,,,,,,1,,,,,1,,,,1,1,,,,,,,,,,,,,1,1,,,,,,,,,,,1,,,,,1,,,,1,,,,1,1,,,,,,,,,,,,,o,o,o,o,o,o,o,n,o,n,o,o,1,0,0,0,0,1,1,1,1,1,1,1,1,1,1,1,0,1,0,1,1,0,1,0,0,1,1,0,0,1,0,1,1,0,0,0,1,1,1,0,1,1,1,1,1,1,1,1,1,1,1,,13191,140,4,144,13191,2,0,W,White,18,144,27,4,9
13199,english_wg,totlot3,,13199,16,M,,,,,,,,,,,,,,,,,,,,,,,,,,,,,,,,,,,,,,,,,,,,,,,,,,,,,,,,,,,,,,,,,,,,,,,,,,,,,,,,,,,,,,,,,,,,,,,,,,,,,,,,,,,,,,,,,,,,,,,,,,,,,,,,,,,,,,,,,,,,,,,,,,,,,,,,,,,,,,,,,,,,,,,,,,,,,,,,,,,,,,,,,,,,,,,,,,,,,,,,,,,,,,,,,,,,,,,,,,,,,,,,,,,,,,,,,,,,,,,,,,,,,,,,,,,,,,,,,,,,,,,,,,,,,,,,,,,,,,,,,,,,,,,,,,,,,,,,,,,,,,,,,,,,,,,,,,,,,,,,,,,,,,,,,,,,,,,,,,,,,,,,,,,,,,,,,,,,,,,,,,,,,,,,,,,,,,,,,,,,,,,,,,,,,,,,,,,,,,,,,,,,,,,,,,,,,,,,,,,,,,,,,,,,,,,,,,,,,,,,,,,,,,,,,,,,,,,,,,,,,,,,,,,,,,,,,,,,,,,,,,,,,,,,,,,,,,,,13199,,,,13199,2,,,,16,107,22,12,25
13233,english_wg,totlot3,totlot3_18m_4.pdf,13233,17,M,2014-12-18,NA,1,1,1,1,1,1,1,1,1,1,1,1,1,1,,1,,,,,,1,,,1,,1,1,,,1,o,o,,,,,2,,,,2,,,2,,2,,2,,,,2,,,,2,,,2,2,2,,,,2,,,2,,,,,,2,,,2,,,,,,,2,,,2,2,,2,1,,2,1,,2,2,2,2,,,,1,,,,2,,1,2,2,,,,,,2,,2,,2,,2,2,,,2,,,,,,2,2,,,,,,,,2,,2,,,1,1,,2,2,1,2,1,1,1,1,1,1,2,2,,,,,1,2,2,,,,2,,1,1,,1,1,1,,2,,2,,,,,,,,,1,2,,,,2,1,,1,2,,,2,,,,,1,2,,,1,,,,,1,,,,,,,1,1,,,,,,1,,,2,1,,1,1,,,,,,,,,,,,2,,,,2,1,,,,1,2,1,2,,,,2,2,,,1,,,2,1,2,1,1,,2,,2,2,2,,2,2,2,2,2,,,2,1,,1,,1,1,,1,1,1,1,1,,,2,1,,2,2,,1,,,,1,1,1,,1,,,,1,,,,,1,,2,1,1,2,1,,,,1,,,2,2,,,,,,,,,,,2,,,,,2,2,1,1,,,2,,1,,,2,,,,2,2,,,,,,,,,,2,,,,,2,,,,,2,,,,,,,,,,,,,,,,,,1,1,,,1,,,,2,,,,,,s,s,o,o,o,s,s,o,o,s,o,o,1,0,0,1,0,1,1,1,1,1,1,1,1,1,0,1,0,1,0,1,1,0,0,0,0,0,0,0,1,0,0,1,0,0,1,0,1,1,0,0,1,1,1,1,1,1,0,1,1,0,1,1,13233,65,88,153,13233,1,0,W,White,16,156,27,88,77
13233,english_wg,totlot3,,13233,15,M,,,,,,,,,,,,,,,,,,,,,,,,,,,,,,,,,,,,,,,,,,,,,,,,,,,,,,,,,,,,,,,,,,,,,,,,,,,,,,,,,,,,,,,,,,,,,,,,,,,,,,,,,,,,,,,,,,,,,,,,,,,,,,,,,,,,,,,,,,,,,,,,,,,,,,,,,,,,,,,,,,,,,,,,,,,,,,,,,,,,,,,,,,,,,,,,,,,,,,,,,,,,,,,,,,,,,,,,,,,,,,,,,,,,,,,,,,,,,,,,,,,,,,,,,,,,,,,,,,,,,,,,,,,,,,,,,,,,,,,,,,,,,,,,,,,,,,,,,,,,,,,,,,,,,,,,,,,,,,,,,,,,,,,,,,,,,,,,,,,,,,,,,,,,,,,,,,,,,,,,,,,,,,,,,,,,,,,,,,,,,,,,,,,,,,,,,,,,,,,,,,,,,,,,,,,,,,,,,,,,,,,,,,,,,,,,,,,,,,,,,,,,,,,,,,,,,,,,,,,,,,,,,,,,,,,,,,,,,,,,,,,,,,,,,,,,,,,,13233,,,,13233,1,0,W,White,16,120,38,51,84
13293,english_wg,totlot3,,13293,15,F,,,,,,,,,,,,,,,,,,,,,,,,,,,,,,,,,,,,,,,,,,,,,,,,,,,,,,,,,,,,,,,,,,,,,,,,,,,,,,,,,,,,,,,,,,,,,,,,,,,,,,,,,,,,,,,,,,,,,,,,,,,,,,,,,,,,,,,,,,,,,,,,,,,,,,,,,,,,,,,,,,,,,,,,,,,,,,,,,,,,,,,,,,,,,,,,,,,,,,,,,,,,,,,,,,,,,,,,,,,,,,,,,,,,,,,,,,,,,,,,,,,,,,,,,,,,,,,,,,,,,,,,,,,,,,,,,,,,,,,,,,,,,,,,,,,,,,,,,,,,,,,,,,,,,,,,,,,,,,,,,,,,,,,,,,,,,,,,,,,,,,,,,,,,,,,,,,,,,,,,,,,,,,,,,,,,,,,,,,,,,,,,,,,,,,,,,,,,,,,,,,,,,,,,,,,,,,,,,,,,,,,,,,,,,,,,,,,,,,,,,,,,,,,,,,,,,,,,,,,,,,,,,,,,,,,,,,,,,,,,,,,,,,,,,,,,,,,,13293,,,,13293,1,1,A/W,Non-White,18,182,53,44,65
13293,english_wg,totlot3,totlot3_18m_4.pdf,13293,18,F,2015-02-26,Mother,1,1,1,1,1,,1,1,1,1,1,1,1,1,1,1,1,1,1,1,1,1,1,1,1,1,1,1,1,1,1,o,o,2,2,2,,2,2,2,2,2,,2,2,2,2,2,2,,2,2,2,2,2,,2,1,2,2,1,2,1,,2,2,,2,2,2,2,,2,,,2,,,2,,2,2,2,2,2,,,2,2,2,2,2,2,2,2,2,2,2,2,2,2,,2,1,1,1,2,1,2,,2,2,2,,,2,2,2,2,2,2,2,1,2,,,2,2,,,2,2,2,2,,2,2,2,2,,2,2,2,2,2,,2,2,2,2,2,2,1,2,2,2,2,2,2,2,2,2,2,2,2,2,2,2,2,2,2,,2,,,2,,2,2,2,,2,,2,,,2,,2,2,,,2,,,2,2,2,2,2,2,2,2,1,1,2,1,2,1,,2,1,,2,1,1,,,2,,,,2,,2,2,2,2,,1,2,,2,,2,2,2,,,2,2,,,2,2,1,2,2,,2,2,2,2,,2,2,,2,2,2,,2,2,2,2,,,2,2,2,,,,2,2,2,2,2,2,2,2,2,2,2,2,2,2,2,2,2,2,2,2,2,2,2,1,1,2,1,2,2,2,2,2,2,2,1,1,1,1,1,2,1,2,1,2,1,2,2,2,2,1,2,2,1,2,2,1,1,2,1,2,2,2,,1,1,2,1,2,2,1,2,2,2,2,1,1,1,,,1,,1,,2,1,,2,,2,,2,2,2,2,2,2,,2,,2,2,2,1,2,2,1,2,,2,,,,,,2,,2,1,2,2,1,1,1,2,2,2,2,2,2,2,2,,,,2,,2,1,2,2,2,1,2,2,2,2,,2,1,,2,1,,,1,2,o,o,o,o,o,o,o,s,o,o,s,o,1,1,1,1,1,1,1,1,1,1,1,1,1,1,1,1,1,1,1,1,1,0,1,1,1,0,1,1,0,1,1,1,1,1,1,0,1,1,1,0,1,1,0,1,1,1,1,1,1,0,1,,13293,55,254,309,13293,1,1,A/W,Non-White,18,306,63,250,91
13304,english_wg,totlot3,,13304,16,F,,,,,,,,,,,,,,,,,,,,,,,,,,,,,,,,,,,,,,,,,,,,,,,,,,,,,,,,,,,,,,,,,,,,,,,,,,,,,,,,,,,,,,,,,,,,,,,,,,,,,,,,,,,,,,,,,,,,,,,,,,,,,,,,,,,,,,,,,,,,,,,,,,,,,,,,,,,,,,,,,,,,,,,,,,,,,,,,,,,,,,,,,,,,,,,,,,,,,,,,,,,,,,,,,,,,,,,,,,,,,,,,,,,,,,,,,,,,,,,,,,,,,,,,,,,,,,,,,,,,,,,,,,,,,,,,,,,,,,,,,,,,,,,,,,,,,,,,,,,,,,,,,,,,,,,,,,,,,,,,,,,,,,,,,,,,,,,,,,,,,,,,,,,,,,,,,,,,,,,,,,,,,,,,,,,,,,,,,,,,,,,,,,,,,,,,,,,,,,,,,,,,,,,,,,,,,,,,,,,,,,,,,,,,,,,,,,,,,,,,,,,,,,,,,,,,,,,,,,,,,,,,,,,,,,,,,,,,,,,,,,,,,,,,,,,,,,,,13304,,,,13304,1,0,W,White,18,134,24,10,14
13326,english_wg,totlot3,totlot3_18m_4.pdf,13326,18,M,2015-01-08,Mother,1,1,1,1,1,1,1,1,1,1,1,1,1,1,1,1,1,1,1,1,1,1,1,1,1,1,1,1,1,,1,s,n,2,1,,,2,2,1,1,1,1,1,1,1,2,1,1,,1,1,1,1,,,1,,1,1,1,1,1,,,1,,1,1,1,1,1,1,,1,1,1,1,1,1,1,1,1,1,1,1,1,1,1,1,2,2,,,1,1,1,1,1,1,1,,,,1,1,,,,,,,,,1,1,,1,1,1,1,1,1,1,1,,,1,,1,,,1,1,1,1,1,,,1,1,1,1,,1,,,,1,1,2,2,1,1,,2,1,1,,,1,1,,1,1,1,1,1,1,1,1,,1,,1,1,1,1,1,1,,1,1,1,1,,1,,1,1,1,1,,,1,1,1,1,1,1,1,1,1,1,1,1,1,1,1,1,1,,,1,1,,1,,1,1,,,1,1,1,1,1,1,,,1,,1,1,1,1,1,,,1,1,1,1,,1,1,1,1,1,1,1,1,,,,1,,1,1,,,1,1,1,1,1,1,1,1,1,1,1,,,1,1,2,1,1,1,1,1,1,1,1,,1,,1,1,1,1,1,1,1,1,1,,1,1,1,1,1,1,1,1,,,1,1,1,1,1,1,1,,1,1,1,1,1,1,1,1,1,1,1,1,1,1,1,,,1,1,1,1,1,1,,1,1,1,1,1,1,1,,,1,,,,,,,1,1,,1,1,1,1,,1,,1,1,1,1,,,1,,1,,2,1,,,,,,,1,,,1,,1,1,1,1,,,,,,,,,,,,,1,,1,,,,1,1,1,1,1,1,1,1,1,1,,,1,1,,,,,o,o,o,s,o,o,n,n,n,o,n,n,1,0,0,1,1,1,1,1,1,1,1,1,1,1,0,1,0,1,1,1,1,0,1,0,1,1,1,1,1,1,0,1,0,1,0,1,0,0,1,0,1,1,0,1,1,1,0,1,1,1,1,,13326,264,11,275,13326,2,0,A/W,Non-White,18,283,70,10,9
13326,english_wg,totlot3,,13326,15,M,,,,,,,,,,,,,,,,,,,,,,,,,,,,,,,,,,,,,,,,,,,,,,,,,,,,,,,,,,,,,,,,,,,,,,,,,,,,,,,,,,,,,,,,,,,,,,,,,,,,,,,,,,,,,,,,,,,,,,,,,,,,,,,,,,,,,,,,,,,,,,,,,,,,,,,,,,,,,,,,,,,,,,,,,,,,,,,,,,,,,,,,,,,,,,,,,,,,,,,,,,,,,,,,,,,,,,,,,,,,,,,,,,,,,,,,,,,,,,,,,,,,,,,,,,,,,,,,,,,,,,,,,,,,,,,,,,,,,,,,,,,,,,,,,,,,,,,,,,,,,,,,,,,,,,,,,,,,,,,,,,,,,,,,,,,,,,,,,,,,,,,,,,,,,,,,,,,,,,,,,,,,,,,,,,,,,,,,,,,,,,,,,,,,,,,,,,,,,,,,,,,,,,,,,,,,,,,,,,,,,,,,,,,,,,,,,,,,,,,,,,,,,,,,,,,,,,,,,,,,,,,,,,,,,,,,,,,,,,,,,,,,,,,,,,,,,,,,13326,,,,13326,2,0,A/W,Non-White,18,196,71,5,25
13332,english_wg,totlot3,,13332,15,M,,,,,,,,,,,,,,,,,,,,,,,,,,,,,,,,,,,,,,,,,,,,,,,,,,,,,,,,,,,,,,,,,,,,,,,,,,,,,,,,,,,,,,,,,,,,,,,,,,,,,,,,,,,,,,,,,,,,,,,,,,,,,,,,,,,,,,,,,,,,,,,,,,,,,,,,,,,,,,,,,,,,,,,,,,,,,,,,,,,,,,,,,,,,,,,,,,,,,,,,,,,,,,,,,,,,,,,,,,,,,,,,,,,,,,,,,,,,,,,,,,,,,,,,,,,,,,,,,,,,,,,,,,,,,,,,,,,,,,,,,,,,,,,,,,,,,,,,,,,,,,,,,,,,,,,,,,,,,,,,,,,,,,,,,,,,,,,,,,,,,,,,,,,,,,,,,,,,,,,,,,,,,,,,,,,,,,,,,,,,,,,,,,,,,,,,,,,,,,,,,,,,,,,,,,,,,,,,,,,,,,,,,,,,,,,,,,,,,,,,,,,,,,,,,,,,,,,,,,,,,,,,,,,,,,,,,,,,,,,,,,,,,,,,,,,,,,,,13332,,,,13332,1,0,W,White,16,179,66,7,29
13332,english_wg,totlot3,totlot3_18m_4.pdf,13332,18,M,2015-01-27,Mother,1,1,1,1,1,1,1,1,1,1,1,1,1,1,1,1,1,1,1,1,1,1,1,1,1,1,1,1,1,,1,s,s,2,2,2,2,1,2,2,2,2,2,2,2,,2,1,2,1,1,1,1,2,2,,2,,2,1,2,,,2,1,1,,2,1,1,1,1,1,,1,1,1,1,1,,,2,2,2,2,1,1,1,2,2,2,1,2,2,1,,1,1,1,2,1,,,,1,1,1,2,1,1,1,1,1,2,1,1,1,2,,1,1,1,1,1,,1,1,1,,1,1,1,1,1,,2,1,1,1,1,1,1,2,,2,,1,1,1,2,2,2,1,1,1,2,2,1,1,1,1,1,2,1,,1,1,1,1,1,1,1,2,1,1,1,,1,,1,,2,,1,1,,1,,1,1,1,1,1,,,1,1,1,1,1,1,1,,,1,1,1,1,,,1,,1,1,1,,1,,,1,1,1,1,,1,,,1,,,1,,1,,1,2,1,,,1,1,1,,1,1,1,1,1,1,1,1,1,1,,2,1,,,,,,2,,2,2,,,2,2,,,,1,2,2,1,2,1,1,2,2,1,1,2,2,,1,2,2,2,1,1,2,1,1,,1,1,1,1,1,1,1,1,1,1,1,,,1,1,2,2,1,1,,1,1,1,1,1,1,1,,,,1,1,1,1,2,,1,1,1,1,1,1,1,,1,1,,1,1,1,1,,,,1,1,,,,,2,1,,,,,1,1,1,,1,1,,,1,,1,,1,,2,1,,,1,,,,,,,1,1,1,1,1,1,,,2,,1,1,,2,2,1,1,,,,1,1,,,,2,1,1,2,1,1,2,2,2,,1,2,,,2,,,o,o,o,o,o,o,o,o,o,o,o,o,1,0,1,1,1,1,1,1,1,1,1,1,1,1,1,1,0,1,1,1,1,1,1,0,0,0,0,1,0,0,1,1,0,0,0,0,1,1,1,1,1,1,1,1,1,1,0,1,1,1,0,1,13332,210,77,287,13332,1,0,W,White,16,286,71,76,47
13346,english_wg,totlot3,,13346,15,M,,,,,,,,,,,,,,,,,,,,,,,,,,,,,,,,,,,,,,,,,,,,,,,,,,,,,,,,,,,,,,,,,,,,,,,,,,,,,,,,,,,,,,,,,,,,,,,,,,,,,,,,,,,,,,,,,,,,,,,,,,,,,,,,,,,,,,,,,,,,,,,,,,,,,,,,,,,,,,,,,,,,,,,,,,,,,,,,,,,,,,,,,,,,,,,,,,,,,,,,,,,,,,,,,,,,,,,,,,,,,,,,,,,,,,,,,,,,,,,,,,,,,,,,,,,,,,,,,,,,,,,,,,,,,,,,,,,,,,,,,,,,,,,,,,,,,,,,,,,,,,,,,,,,,,,,,,,,,,,,,,,,,,,,,,,,,,,,,,,,,,,,,,,,,,,,,,,,,,,,,,,,,,,,,,,,,,,,,,,,,,,,,,,,,,,,,,,,,,,,,,,,,,,,,,,,,,,,,,,,,,,,,,,,,,,,,,,,,,,,,,,,,,,,,,,,,,,,,,,,,,,,,,,,,,,,,,,,,,,,,,,,,,,,,,,,,,,,13346,,,,13346,1,0,W,White,18,39,8,1,10
13346,english_wg,totlot3,totlot3_18m_4.pdf,13346,18,M,2015-03-09,Mother,1,1,1,,,1,,1,1,,,,,,,,1,1,1,,,1,,,,,,1,1,,,s,o,,2,,,1,1,,1,2,,2,,,,,1,,,1,2,,1,,2,,1,,,,,,1,1,,,,,,,1,,,,1,,1,,,1,,1,2,,1,,1,2,2,1,,1,2,,,,,2,,,,,1,1,,1,,1,2,1,,,,,1,,,1,,1,,,,,,2,,,,1,,1,,2,,,,,,,2,,1,,,,1,,1,1,,1,,1,,,,,,1,,1,,,,,,,,,,,,1,,,,,,,,1,,,,,,,,,,,,1,1,1,1,,1,,,,,,,,,,1,,,,,,,,1,1,,,1,,,,,,,,,,,,1,2,1,,,,2,,,,,,2,,,1,1,2,,,,2,,,,,,2,,1,1,,,2,1,,1,,,,1,1,2,,1,,2,,,2,2,,,,,,,1,,,,,,,1,,,1,,,,,,,,,,1,,,1,,1,,1,1,,1,,,,,,,1,,,,,,1,,1,,,,1,,,,,,,,,1,,,,,,,1,,,,,,1,,,,,,,,,,1,,,,2,1,,,,,,,,,,,,,1,,,,,,,,,1,,,,,,,,,1,,,,,,,1,1,1,,1,2,,,2,,,,,,s,s,o,s,o,s,s,n,o,s,s,s,1,0,0,1,0,1,1,1,1,1,1,1,1,1,0,1,1,1,1,1,1,0,0,1,1,0,0,0,0,0,0,1,0,0,0,0,1,1,1,0,1,1,0,0,1,1,0,1,1,0,1,,13346,83,28,111,13346,1,0,W,White,18,111,9,30,15
13364,english_wg,totlot3,totlot3_16m_3.pdf,13364,14,M,2014-08-04,Mother,1,1,1,,,,,,,,,,,,,,1,1,,,,,1,1,,,,,1,,,s,n,,,,,,,,,,2,,,,,,,,,,,,,,1,,,,,,,,,,,,,,,,,,,,,,,,,,,,1,,,1,,,1,,,1,,,,,,,,,,,,,,,,,,,1,,,,,,,,,,,,,,,1,,,,1,,1,,,,,,,,,1,,,,,,1,,,,,,,,,,,,1,,,,,,1,,1,,,,,,,,,,1,,,,,,,,,,,1,,,,,,,1,1,,,,,,,,,,,,,,,,,,,,,,,,,,,,,,,,,,,,,,,,,,,,,,,,,,,,,,,,,,,,,,1,,1,,,,,,1,1,,,,,,1,,,,1,1,1,,,,1,,1,,,,,,1,,,,,,,,,1,,,,,,,,,,,,,1,,,,1,1,,1,,,,,,,,,1,,,,,,,,,,1,,,,1,,,,,,,,,,,,,,,,,,,,,,,,,,,,,,,,,,,,,,,,,,,,,,,,,,,,,,,,,,,,,,,,,,,,,,,,,,,,,,,,,,,,,o,o,n,n,o,s,s,n,s,n,n,n,1,0,0,1,1,1,1,1,1,0,0,0,0,0,0,0,0,1,0,1,1,0,0,0,0,0,0,0,0,0,0,1,0,0,0,0,1,0,1,0,0,1,1,0,1,0,0,0,0,1,1,,13364,37,1,38,13364,2,0,W,White,18,40,12,1,20
13503,english_wg,totlot3,totlot3_18m_4.pdf,13503,18,M,2015-05-28,Mother,1,1,1,1,1,1,1,1,1,1,1,1,1,1,1,1,1,1,1,1,,1,1,1,1,1,1,1,1,1,1,o,s,2,2,1,2,2,2,2,2,2,2,2,2,2,1,2,1,1,2,1,1,1,1,,1,,,,,,,2,1,1,1,1,1,1,1,1,1,,1,1,1,1,1,,1,2,2,2,2,1,1,1,1,1,2,1,1,2,2,1,2,1,2,2,2,1,2,,1,1,1,2,1,2,1,1,1,2,2,2,,1,1,1,2,1,2,,1,1,2,2,,1,,2,,1,,2,1,,,1,2,2,2,,2,,1,1,2,1,2,2,1,2,1,1,1,1,2,1,1,1,2,1,1,1,1,1,1,2,1,,1,1,,1,1,2,1,2,1,2,,2,1,,1,,1,,1,1,,1,,1,2,2,1,1,1,1,2,1,2,1,1,1,1,1,1,1,1,1,1,,1,,1,1,,1,1,1,1,,1,1,1,,1,1,2,1,2,2,2,,1,2,2,,1,1,1,,2,1,2,2,1,2,1,,,2,,,1,,1,2,1,2,2,1,2,2,1,1,2,,,,2,1,2,1,1,2,2,1,2,1,2,,1,1,2,1,2,1,2,2,1,,1,1,1,1,1,1,1,1,1,2,1,1,1,1,1,2,2,1,1,,2,1,1,1,1,1,2,2,1,1,1,2,2,1,2,1,1,1,1,1,2,1,2,1,1,1,1,2,2,2,1,,1,1,,,1,,,,2,1,,1,2,1,1,1,1,1,1,1,2,1,1,,1,1,1,1,2,1,1,,,,,,,1,,1,1,1,1,2,1,1,1,1,1,2,2,1,1,1,2,1,,1,,1,1,,1,1,2,2,1,2,2,2,1,,2,1,1,2,1,1,,1,1,o,o,o,o,s,o,o,s,o,s,s,s,1,0,0,1,1,1,1,1,1,1,1,1,1,0,0,1,1,1,1,1,1,0,1,0,0,1,1,0,0,1,0,1,1,1,1,0,1,0,1,1,1,1,1,1,1,1,0,1,1,1,1,,13503,216,113,329,13503,1,0,W,White,18,329,89,112,73
13503,english_wg,totlot3,totlot3_16m_2_5.pdf,13503,15,M,2015-03-05,Mother,1,1,1,1,,1,,1,1,1,1,1,1,1,1,1,1,1,1,,,1,1,1,1,1,1,1,1,1,1,s,s,2,2,1,2,2,2,1,2,2,2,2,1,1,2,1,2,1,1,1,1,1,1,,2,,1,1,2,1,2,,1,1,1,1,1,2,1,,1,,1,1,1,1,1,,1,1,2,2,1,1,1,1,1,1,2,1,1,2,2,,,1,2,2,1,,,,1,1,,1,1,1,,1,1,2,,1,,,1,1,1,1,1,,,,2,2,,1,,2,,1,,2,1,,1,1,1,1,1,,2,,1,1,2,1,1,2,1,1,,1,1,1,,1,1,2,1,1,1,1,1,,1,,1,,1,,,1,,1,,2,1,1,,2,1,,1,,,,1,,,,,,1,1,,1,1,1,1,1,1,1,1,1,1,,1,,1,1,1,,,,,1,,1,1,1,1,,,,,,1,,1,1,1,2,1,,,,,,1,1,1,,2,1,,1,1,2,1,,,2,,,,,,2,,2,1,,,2,1,1,1,,,,1,2,2,1,1,1,2,1,1,1,2,,1,2,1,1,1,1,2,2,1,,1,1,,,1,,,1,1,2,,,1,1,1,1,2,,1,,1,1,1,1,,1,2,,,1,1,1,,1,1,,,1,,,1,,1,,1,1,1,1,1,1,,,,1,,,,,,,1,,,,,,1,,1,,,,,,,,1,1,1,,2,1,1,,,1,,,,,,1,1,1,1,,1,,,,,,,,2,1,,,,2,,2,1,,,1,2,1,,2,1,,1,,2,,,1,,,,,,o,s,o,o,o,s,n,n,s,s,s,n,1,0,0,1,0,1,1,1,1,1,0,1,1,0,0,1,1,1,1,1,1,0,1,0,0,0,0,0,0,1,0,1,0,0,0,0,1,0,1,0,1,1,1,0,1,1,0,0,0,1,0,,13503,186,57,243,13503,1,0,W,White,18,242,85,54,86
13604,english_wg,totlot3,totlot3_18m_4.pdf,13604,18,M,2015-04-27,Mother,1,1,1,1,1,1,1,1,1,1,1,1,1,1,1,1,1,1,1,1,1,1,1,1,1,1,1,1,1,1,1,o,o,1,1,2,,2,2,1,1,2,1,2,2,,,1,1,1,1,,1,,,,1,,,,,,,,,2,,,1,1,,,1,,1,,,,,,,1,,,1,1,,1,,,2,1,1,2,1,1,,1,1,2,1,,,1,,,1,2,,,2,2,2,1,,1,1,2,,2,,1,,,,,,2,,,,,,1,,1,,,1,1,,1,2,1,,,,1,1,1,2,2,1,1,1,2,1,1,1,1,2,2,1,1,1,,1,1,2,1,1,1,1,,,1,1,1,1,,,1,,,,,1,,,,,1,,,,1,1,1,1,1,1,1,,1,1,1,1,1,1,1,1,1,1,1,1,1,1,,1,1,,1,1,1,1,1,1,1,1,,1,1,1,1,1,1,1,,,,,,,1,1,,,1,1,,1,2,,,,1,,,1,1,,2,1,2,,,,2,2,,,,,,1,1,2,1,1,2,2,1,2,2,2,1,1,2,2,2,1,2,2,1,1,,1,,1,1,1,1,1,2,1,2,1,1,1,1,1,2,2,1,1,1,1,1,1,1,1,1,1,1,1,1,1,,1,1,1,1,1,1,1,1,1,,1,1,1,1,1,1,1,1,,,1,1,1,1,1,,,1,2,1,1,1,1,,1,1,1,1,,,,1,1,,1,1,1,,1,1,1,1,,2,,,1,,,1,1,1,1,,1,1,,,1,,,,1,1,1,,1,1,,1,1,,1,1,1,1,1,2,2,2,1,1,2,,1,1,1,,,1,,o,o,o,o,o,o,o,o,o,s,o,o,1,0,0,1,1,,1,1,1,1,1,1,0,0,1,1,1,1,1,1,1,1,1,1,1,0,1,0,0,0,0,1,1,1,1,0,1,1,1,1,1,1,1,1,1,1,1,1,1,1,1,,13604,213,50,263,13604,2,0,W,White,16,263,62,50,25
13604,english_wg,totlot3,,13604,16,M,,,,,,,,,,,,,,,,,,,,,,,,,,,,,,,,,,,,,,,,,,,,,,,,,,,,,,,,,,,,,,,,,,,,,,,,,,,,,,,,,,,,,,,,,,,,,,,,,,,,,,,,,,,,,,,,,,,,,,,,,,,,,,,,,,,,,,,,,,,,,,,,,,,,,,,,,,,,,,,,,,,,,,,,,,,,,,,,,,,,,,,,,,,,,,,,,,,,,,,,,,,,,,,,,,,,,,,,,,,,,,,,,,,,,,,,,,,,,,,,,,,,,,,,,,,,,,,,,,,,,,,,,,,,,,,,,,,,,,,,,,,,,,,,,,,,,,,,,,,,,,,,,,,,,,,,,,,,,,,,,,,,,,,,,,,,,,,,,,,,,,,,,,,,,,,,,,,,,,,,,,,,,,,,,,,,,,,,,,,,,,,,,,,,,,,,,,,,,,,,,,,,,,,,,,,,,,,,,,,,,,,,,,,,,,,,,,,,,,,,,,,,,,,,,,,,,,,,,,,,,,,,,,,,,,,,,,,,,,,,,,,,,,,,,,,,,,,,13604,,,,13604,2,0,W,White,16,224,70,23,38
13628,english_wg,totlot3,totlot3_16m_2_5.pdf,13628,16,M,2015-03-04,Mother,1,1,1,1,,,,,1,,1,,,,,1,1,1,,,,,,1,,1,,,,,,n,n,,1,,,,,,,1,,1,2,,,,,,,,,,,,1,,,,,,,,,,,,,,,,,,,,,,,,,,,,1,,,1,1,,1,,,1,,,1,,1,1,,,,,,,1,1,1,,,,,,,,,,,1,,,,,,,1,1,,,,,,1,,,,,,1,1,1,1,,1,,1,,,,,,,,,,,,,,,,,,1,,1,1,,,1,,,,1,1,,1,,,,,,,,,,,1,,,,,,,,,,1,,,,,1,1,,,,,1,1,,,1,,,,,,,,,,,1,1,,,,,,,1,,,1,1,,,,,,,,,,,,,,,1,,,1,,,,1,,,1,,1,1,,,1,1,,,,,,1,1,,1,1,1,1,1,1,1,1,,,,,,,,,,,,,,,,,,1,1,,1,,,,,,,,,,,,,1,1,,,1,,,,1,,,,,,,,,,,1,,,,1,,,,,1,,1,,,,,,,,,1,,,,,,1,,,,,,,,,,,1,,,1,,,1,1,,,,,,,,1,,,,,,,,,,,,,,,,,,1,,,1,,,,,,,,,,,,,1,,,,,,o,s,o,n,o,o,n,n,s,n,s,n,0,0,0,1,0,0,1,1,1,1,0,0,1,1,0,0,0,0,0,1,1,0,1,0,0,0,0,0,0,0,0,0,0,0,0,0,0,0,0,0,0,1,0,0,0,0,0,1,0,0,0,,13628,83,1,84,13628,1,1,W,White,12,83,13,1,5
13628,english_wg,totlot3,totlot3_18m_4.pdf,13628,18,M,2015-06-24,Mother,1,1,0,1,,,,1,1,,1,,,1,,,1,1,,,,1,1,1,,,,1,1,,1,n,s,,,,,,,,,2,,,,2,,,,,,,,,,,2,,2,,,2,,,,,,,,,,,,,,,,,,,,1,,,2,,,1,,,1,,,1,,,,,2,,,,,1,,,1,2,1,,,1,1,,,1,,1,,1,,,,1,,,1,1,,,,,,1,,,,,,1,,1,2,,1,,,,,,1,2,,,,1,,1,,,1,2,,2,1,1,1,,,,1,,,,1,,,1,,,,,,,,,,,,,,,,,,,1,1,1,,,,,,,,,1,1,1,1,,,1,,,,,,,,,,,,,,,,,,,,,,,,,,,,,,,,,,,,,,,,,1,,,,,,,1,,1,1,,,1,1,,,,,,1,1,,1,1,,,1,1,1,1,,1,,,1,,,1,,,,,,,,,1,,1,,1,,,,,1,,,,,,,1,1,1,,1,,,,,,,,,,,,1,,,1,,,,,1,,,,,,,,,,,,,,,,,,,,,,,,,,,,,,,,,,,,1,,,,,,,,,,,,,,,,,,,,,,,,,,,,,,,,,,,1,,,,,,,,,,,1,,,,,,n,s,n,n,o,o,n,n,n,n,o,n,0,0,0,1,1,1,1,1,1,1,1,0,1,0,0,0,0,1,0,1,1,0,0,0,0,0,0,0,0,0,0,1,0,0,0,0,0,1,0,0,0,1,0,0,0,0,0,1,1,1,1,,13628,68,12,80,13628,1,1,W,White,12,80,0,12,10
13648,english_wg,totlot3,,13648,15,F,,,,,,,,,,,,,,,,,,,,,,,,,,,,,,,,,,,,,,,,,,,,,,,,,,,,,,,,,,,,,,,,,,,,,,,,,,,,,,,,,,,,,,,,,,,,,,,,,,,,,,,,,,,,,,,,,,,,,,,,,,,,,,,,,,,,,,,,,,,,,,,,,,,,,,,,,,,,,,,,,,,,,,,,,,,,,,,,,,,,,,,,,,,,,,,,,,,,,,,,,,,,,,,,,,,,,,,,,,,,,,,,,,,,,,,,,,,,,,,,,,,,,,,,,,,,,,,,,,,,,,,,,,,,,,,,,,,,,,,,,,,,,,,,,,,,,,,,,,,,,,,,,,,,,,,,,,,,,,,,,,,,,,,,,,,,,,,,,,,,,,,,,,,,,,,,,,,,,,,,,,,,,,,,,,,,,,,,,,,,,,,,,,,,,,,,,,,,,,,,,,,,,,,,,,,,,,,,,,,,,,,,,,,,,,,,,,,,,,,,,,,,,,,,,,,,,,,,,,,,,,,,,,,,,,,,,,,,,,,,,,,,,,,,,,,,,,,,13648,,,,13648,1,0,W,White,16,364,95,81,84
911343,english_wg,totlot3,totlot3_18m_4.pdf,911343,18,M,2015-04-08,Mother,1,1,1,1,1,1,1,1,1,1,1,1,1,,1,1,1,1,1,1,1,1,1,1,1,1,1,1,1,1,1,s,s,1,1,1,2,1,1,2,1,2,2,1,1,1,1,1,1,1,1,1,1,1,1,1,1,,1,1,1,1,1,,1,1,1,1,2,,1,1,1,,1,1,1,1,1,,1,1,,,1,1,1,1,1,1,2,1,1,1,1,1,,1,1,1,1,1,,,1,1,1,2,,1,1,2,1,1,1,1,,1,1,2,1,1,1,1,,1,1,2,,1,1,1,1,1,1,1,1,1,1,1,1,1,1,1,1,1,1,1,1,1,1,1,1,1,1,1,1,1,1,1,1,1,2,1,1,1,1,1,1,1,1,1,1,1,1,1,1,1,1,1,,1,1,1,1,,,,1,1,1,1,1,1,1,1,1,1,1,1,1,1,1,1,1,1,1,1,1,1,1,1,1,1,1,1,1,1,1,1,,1,1,1,1,1,1,1,1,1,1,1,1,1,1,1,1,1,,1,1,,1,1,,,1,1,1,1,1,1,1,,1,1,,,1,1,1,1,1,1,,,,1,1,,,,,1,1,1,1,1,1,2,2,1,1,2,2,1,2,1,2,2,1,1,1,1,1,1,1,1,1,1,1,1,1,1,1,1,1,1,1,1,1,1,1,1,1,,,1,1,1,1,1,1,1,1,1,1,1,1,1,1,1,1,1,1,1,2,1,1,1,1,1,1,1,1,1,1,1,1,1,1,1,1,1,1,1,2,1,,1,1,1,2,1,1,1,1,1,1,1,1,1,2,2,2,1,1,1,1,1,1,1,1,1,1,1,1,1,1,1,1,1,1,1,1,1,1,2,2,2,1,1,1,,2,2,1,1,1,1,1,1,1,2,1,1,1,2,1,2,2,,,2,1,1,1,1,2,o,o,o,o,o,o,s,s,o,o,o,o,1,1,1,1,1,1,0,1,0,1,1,1,1,0,1,1,0,1,1,1,1,1,1,1,1,1,1,1,1,1,1,1,1,1,1,0,1,1,0,0,1,1,1,1,1,1,1,1,1,1,0,,911343,322,35,357,911343,1,0,A/W,Non-White,12,356,96,35,17
911343,english_wg,totlot3,totlot3_16m_2_5.pdf,911343,16,M,2015-02-14,Mother,1,1,1,1,,1,,1,1,1,1,1,1,1,,,1,1,1,,,1,,1,1,1,1,1,1,1,1,s,s,2,2,,2,1,,2,,2,2,1,1,1,,1,1,,,1,1,,,,1,,,,,,,,,1,,,1,,,,,,1,,1,,,,1,1,,,1,1,1,1,,1,1,1,1,1,1,,,1,1,1,1,1,,,1,1,1,1,1,,1,1,1,1,1,1,1,1,1,1,1,1,1,1,,1,1,1,,1,1,,1,1,1,1,1,1,1,1,1,1,1,1,1,1,1,1,1,1,1,1,1,1,1,1,1,1,1,1,1,1,2,1,1,1,1,1,1,1,1,1,1,1,1,1,1,1,1,1,1,1,1,1,1,,1,,1,1,1,1,1,1,,1,1,1,1,1,1,1,,1,1,1,1,1,1,1,1,1,1,1,1,1,1,1,1,1,1,1,1,1,1,1,1,1,1,1,1,1,1,1,1,1,1,1,1,1,1,,1,1,1,1,1,1,1,1,1,1,1,1,1,1,1,1,1,1,1,2,1,2,,,,2,1,1,,,,1,1,1,2,1,1,1,1,1,1,1,2,1,1,1,1,1,1,1,1,1,1,1,1,1,1,1,1,1,1,1,1,1,1,1,1,1,1,1,1,1,1,,,1,1,1,1,1,1,1,1,1,1,1,1,,1,1,1,1,1,1,1,1,1,1,1,1,1,1,1,1,,,,,1,1,1,1,1,1,1,,1,1,1,,1,1,1,1,,1,1,,,,1,1,1,,1,1,1,1,,1,,1,1,1,1,1,1,1,1,1,1,,,,1,1,2,,,,1,,,,,,,,1,1,,1,1,1,1,1,,1,1,1,,2,,,,,1,o,o,o,s,o,n,n,s,o,s,o,n,1,1,0,1,1,1,1,1,1,1,1,1,0,1,1,1,0,1,0,1,1,0,1,1,1,1,0,0,0,0,1,1,0,0,1,0,1,0,1,1,1,1,1,0,0,1,0,1,1,1,0,,911343,296,14,310,911343,1,0,A/W,Non-White,12,310,45,14,28
911401,english_wg,totlot3,totlot3_18m_4.pdf,911401,18,M,2015-04-20,Mother,1,1,1,1,1,1,1,1,1,1,1,1,1,1,1,1,1,1,1,1,1,1,1,1,1,1,1,1,1,,1,o,o,1,2,,2,2,2,2,2,2,2,2,2,1,,1,2,1,1,,2,2,2,1,2,,2,1,2,2,,,,2,,1,,1,,,2,,1,1,1,1,1,1,2,1,1,2,2,1,1,1,1,2,2,1,1,1,2,1,1,1,1,2,1,1,1,1,1,1,1,1,2,2,2,1,1,1,2,1,1,2,1,2,1,1,,2,,,,2,,1,1,,1,1,,2,1,,1,1,1,1,2,1,2,1,1,1,,1,1,1,1,1,1,1,1,1,1,1,1,1,2,1,1,1,1,1,1,1,1,1,1,,1,1,2,1,1,,,2,,1,,,1,,1,1,1,1,,,,1,,1,1,1,2,1,1,1,1,1,1,1,1,,1,1,,,1,1,,,1,1,,1,1,,1,1,1,,,,1,,1,1,1,1,1,,1,,1,,,,1,,,,1,1,1,1,,,,2,,,,,,,,1,1,,,2,2,1,,2,,,1,,2,,1,2,2,,1,2,2,,2,2,2,2,1,1,2,1,1,,1,,1,1,1,1,1,1,1,1,1,1,1,1,1,2,2,1,1,1,1,1,2,1,2,1,1,1,1,1,1,1,1,1,1,1,1,1,1,1,1,1,1,1,1,1,1,1,1,1,,,1,1,,,1,,,,2,1,1,1,1,1,1,1,2,,,1,1,1,1,,1,,1,1,2,1,1,1,,,,,,1,,1,1,2,1,1,1,1,1,1,1,1,1,1,1,1,1,1,1,1,,1,1,,1,1,1,1,1,1,1,1,1,1,1,1,1,1,1,,1,1,,o,o,o,o,o,o,s,s,o,s,o,o,1,0,0,1,1,1,1,1,1,1,1,1,1,1,1,1,1,1,1,1,1,1,0,1,1,1,1,1,0,1,1,1,0,0,1,1,1,1,1,0,1,1,1,1,1,1,0,1,1,1,1,,911401,239,64,303,911401,2,0,A/W,Non-White,16,303,78,64,34
911401,english_wg,totlot3,,911401,16,M,,,,,,,,,,,,,,,,,,,,,,,,,,,,,,,,,,,,,,,,,,,,,,,,,,,,,,,,,,,,,,,,,,,,,,,,,,,,,,,,,,,,,,,,,,,,,,,,,,,,,,,,,,,,,,,,,,,,,,,,,,,,,,,,,,,,,,,,,,,,,,,,,,,,,,,,,,,,,,,,,,,,,,,,,,,,,,,,,,,,,,,,,,,,,,,,,,,,,,,,,,,,,,,,,,,,,,,,,,,,,,,,,,,,,,,,,,,,,,,,,,,,,,,,,,,,,,,,,,,,,,,,,,,,,,,,,,,,,,,,,,,,,,,,,,,,,,,,,,,,,,,,,,,,,,,,,,,,,,,,,,,,,,,,,,,,,,,,,,,,,,,,,,,,,,,,,,,,,,,,,,,,,,,,,,,,,,,,,,,,,,,,,,,,,,,,,,,,,,,,,,,,,,,,,,,,,,,,,,,,,,,,,,,,,,,,,,,,,,,,,,,,,,,,,,,,,,,,,,,,,,,,,,,,,,,,,,,,,,,,,,,,,,,,,,,,,,,,911401,,,,911401,2,0,A/W,Non-White,16,223,65,40,65
911429,english_wg,totlot3,totlot3_18m_4.pdf,911429,18,M,2015-04-12,"Mother, Father",1,1,1,1,,1,,1,1,1,1,1,1,1,1,1,1,1,1,,,1,1,1,1,,1,1,1,,,s,n,,2,,1,1,2,,2,2,2,1,,,2,,1,,1,,2,1,1,,1,,1,1,1,,1,,1,,,,,,,,,,1,,,,,,1,1,,1,1,1,1,1,1,2,2,1,1,1,,,,1,2,1,1,,1,,1,1,2,2,1,1,1,2,1,1,1,1,,,1,1,,1,2,,1,,,1,,1,,1,2,2,,2,1,,,1,1,1,2,,2,,1,,1,,1,1,,1,1,1,1,1,,1,1,1,,1,1,,1,1,1,2,,,1,,,2,,1,1,,1,2,,2,1,,,,,1,,1,,,,1,2,1,1,1,1,1,,1,1,1,1,1,1,1,1,,,1,1,,,,1,1,,,1,,1,1,1,1,,,,,,1,1,1,,,,,1,,,,1,,,,,1,1,1,,,,2,,1,,,,2,,,,,,2,1,1,,,,,1,1,2,1,1,1,1,1,1,2,1,,1,1,,2,1,,1,,,,1,,1,1,,1,1,1,1,1,,,,1,1,1,2,1,1,,,1,1,1,,2,2,,,1,1,1,1,,1,1,,1,,,1,,1,,1,,,1,1,1,,,,,,,,,,,2,,,,,,1,,,,,,,,,,,,,,2,1,,,,,,,,,,,,,,,,,,,,,,,,,,,,,,,,,,,,,,,,,,,,,,,,,,,,o,o,s,o,o,s,o,n,n,o,n,o,1,0,0,1,0,1,1,1,1,1,1,1,1,0,0,1,0,1,0,1,1,0,1,1,0,0,0,0,0,0,0,1,0,0,0,0,0,1,1,1,1,1,0,0,1,1,0,1,1,0,1,,911429,151,35,186,911429,1,0,W,White,16,186,26,33,16
911429,english_wg,totlot3,,911429,16,M,,,,,,,,,,,,,,,,,,,,,,,,,,,,,,,,,,,,,,,,,,,,,,,,,,,,,,,,,,,,,,,,,,,,,,,,,,,,,,,,,,,,,,,,,,,,,,,,,,,,,,,,,,,,,,,,,,,,,,,,,,,,,,,,,,,,,,,,,,,,,,,,,,,,,,,,,,,,,,,,,,,,,,,,,,,,,,,,,,,,,,,,,,,,,,,,,,,,,,,,,,,,,,,,,,,,,,,,,,,,,,,,,,,,,,,,,,,,,,,,,,,,,,,,,,,,,,,,,,,,,,,,,,,,,,,,,,,,,,,,,,,,,,,,,,,,,,,,,,,,,,,,,,,,,,,,,,,,,,,,,,,,,,,,,,,,,,,,,,,,,,,,,,,,,,,,,,,,,,,,,,,,,,,,,,,,,,,,,,,,,,,,,,,,,,,,,,,,,,,,,,,,,,,,,,,,,,,,,,,,,,,,,,,,,,,,,,,,,,,,,,,,,,,,,,,,,,,,,,,,,,,,,,,,,,,,,,,,,,,,,,,,,,,,,,,,,,,,911429,,,,911429,1,0,W,White,16,95,16,12,25